instance,pricing,customers,facilities,regime,seed,status,iterations,pricing_calls,total_columns,seed_columns,phase1_route_columns,phase2_pairing_columns,max_routes_per_column,avg_routes_per_pairing,reached_optimality,total_seconds,master_seconds,pricing_seconds,root_lp_objective,integer_objective,open_facilities
lrsp_n005_f02_easy_s1,dp,5,2,easy,1,lp_optimal,5,10,99,10,89,0,1,0.0000,1,0.019800,0.002200,0.015700,815.383240,815.383240,1
lrsp_n005_f02_easy_s1,ip,5,2,easy,1,lp_optimal,5,10,99,10,89,0,1,0.0000,1,0.027000,0.002300,0.022900,815.383240,815.383240,1
lrsp_n005_f02_easy_s2,dp,5,2,easy,2,lp_optimal,5,10,87,10,77,0,1,0.0000,1,0.019200,0.002200,0.015400,764.901398,764.901398,1
lrsp_n005_f02_easy_s2,ip,5,2,easy,2,lp_optimal,5,10,87,10,77,0,1,0.0000,1,0.019100,0.002300,0.015000,764.901398,764.901398,1
lrsp_n005_f02_easy_s3,dp,5,2,easy,3,lp_optimal,5,10,69,10,59,0,1,0.0000,1,0.019200,0.002300,0.015100,555.020443,555.020443,1
lrsp_n005_f02_easy_s3,ip,5,2,easy,3,lp_optimal,5,10,69,10,59,0,1,0.0000,1,0.018500,0.002200,0.014800,555.020443,555.020443,1
lrsp_n005_f02_moderate_s1,dp,5,2,moderate,1,lp_optimal,4,8,69,10,57,2,2,2.0000,1,0.011700,0.002100,0.006000,939.838047,962.552073,1
lrsp_n005_f02_moderate_s1,ip,5,2,moderate,1,lp_optimal,4,8,69,10,57,2,2,2.0000,1,0.019300,0.002200,0.013500,939.838047,962.552073,1
lrsp_n005_f02_moderate_s2,dp,5,2,moderate,2,lp_optimal,4,8,73,10,61,2,2,2.0000,1,0.014400,0.002100,0.009300,830.561185,839.691269,1
lrsp_n005_f02_moderate_s2,ip,5,2,moderate,2,lp_optimal,4,8,73,10,61,2,2,2.0000,1,0.016800,0.002200,0.011500,830.561185,839.691269,1
lrsp_n005_f02_moderate_s3,dp,5,2,moderate,3,lp_optimal,4,8,69,10,57,2,2,2.0000,1,0.009200,0.002200,0.005600,601.230483,601.230483,1
lrsp_n005_f02_moderate_s3,ip,5,2,moderate,3,lp_optimal,4,8,69,10,57,2,2,2.0000,1,0.011600,0.002100,0.007800,601.230483,601.230483,1
lrsp_n005_f02_tight_s1,dp,5,2,tight,1,lp_optimal,3,6,48,10,38,0,1,0.0000,1,0.004600,0.001900,0.001200,1595.741536,1597.946395,2
lrsp_n005_f02_tight_s1,ip,5,2,tight,1,lp_optimal,3,6,48,10,38,0,1,0.0000,1,0.008000,0.001900,0.004400,1595.741536,1597.946395,2
lrsp_n005_f02_tight_s2,dp,5,2,tight,2,lp_optimal,4,8,58,10,48,0,1,0.0000,1,0.010300,0.002200,0.005600,1362.745437,1383.580972,2
lrsp_n005_f02_tight_s2,ip,5,2,tight,2,lp_optimal,4,8,58,10,48,0,1,0.0000,1,0.019400,0.002200,0.014600,1362.745437,1383.580972,2
lrsp_n005_f02_tight_s3,dp,5,2,tight,3,lp_optimal,3,6,29,10,19,0,1,0.0000,1,0.007300,0.002000,0.000900,888.170092,888.170092,2
lrsp_n005_f02_tight_s3,ip,5,2,tight,3,lp_optimal,3,6,29,10,19,0,1,0.0000,1,0.007400,0.002000,0.004100,888.170092,888.170092,2
lrsp_n005_f03_easy_s1,dp,5,3,easy,1,lp_optimal,5,15,102,15,87,0,1,0.0000,1,0.019300,0.002300,0.015000,558.513859,558.513859,1
lrsp_n005_f03_easy_s1,ip,5,3,easy,1,lp_optimal,5,15,102,15,87,0,1,0.0000,1,0.024800,0.002200,0.020700,558.513859,558.513859,1
lrsp_n005_f03_easy_s2,dp,5,3,easy,2,lp_optimal,5,15,141,15,126,0,1,0.0000,1,0.026900,0.002300,0.022400,750.797801,750.797801,1
lrsp_n005_f03_easy_s2,ip,5,3,easy,2,lp_optimal,5,15,141,15,126,0,1,0.0000,1,0.027800,0.002300,0.023200,750.797801,750.797801,1
lrsp_n005_f03_easy_s3,dp,5,3,easy,3,lp_optimal,4,12,101,15,86,0,1,0.0000,1,0.014700,0.002100,0.010800,431.262680,431.262680,1
lrsp_n005_f03_easy_s3,ip,5,3,easy,3,lp_optimal,4,12,101,15,86,0,1,0.0000,1,0.019900,0.002200,0.015800,431.262680,431.262680,1
lrsp_n005_f03_moderate_s1,dp,5,3,moderate,1,lp_optimal,5,15,84,15,68,1,2,2.0000,1,0.011100,0.002000,0.007400,972.500864,972.942015,2
lrsp_n005_f03_moderate_s1,ip,5,3,moderate,1,lp_optimal,5,15,84,15,68,1,2,2.0000,1,0.025100,0.002200,0.021000,972.500864,972.942015,2
lrsp_n005_f03_moderate_s2,dp,5,3,moderate,2,lp_optimal,5,15,121,15,104,2,2,2.0000,1,0.020000,0.002200,0.016100,1268.103785,1268.103785,2
lrsp_n005_f03_moderate_s2,ip,5,3,moderate,2,lp_optimal,5,15,121,15,104,2,2,2.0000,1,0.027100,0.002300,0.023000,1268.103785,1268.103785,2
lrsp_n005_f03_moderate_s3,dp,5,3,moderate,3,lp_optimal,3,9,46,13,33,0,1,0.0000,1,0.004500,0.002100,0.000700,587.462537,589.327136,2
lrsp_n005_f03_moderate_s3,ip,5,3,moderate,3,lp_optimal,3,9,46,13,33,0,1,0.0000,1,0.009100,0.002000,0.002900,587.462537,589.327136,2
lrsp_n005_f03_tight_s1,dp,5,3,tight,1,lp_optimal,3,9,57,15,42,0,1,0.0000,1,0.005000,0.001900,0.001200,1383.917939,1411.600255,3
lrsp_n005_f03_tight_s1,ip,5,3,tight,1,lp_optimal,3,9,57,15,42,0,1,0.0000,1,0.009400,0.002000,0.005600,1383.917939,1411.600255,3
lrsp_n005_f03_tight_s2,dp,5,3,tight,2,lp_optimal,4,12,77,15,62,0,1,0.0000,1,0.010600,0.002100,0.006000,1334.629237,1839.959700,3
lrsp_n005_f03_tight_s2,ip,5,3,tight,2,lp_optimal,4,12,77,15,62,0,1,0.0000,1,0.020900,0.002600,0.015800,1334.629237,1839.959700,3
lrsp_n005_f03_tight_s3,dp,5,3,tight,3,lp_optimal,2,6,11,6,5,0,1,0.0000,1,0.004100,0.001700,0.000100,715.308596,715.740492,3
lrsp_n008_f02_easy_s1,ip,8,2,easy,1,lp_optimal,8,16,133,16,115,2,2,2.0000,1,0.730800,0.003100,0.723200,903.457946,943.297575,1
lrsp_n008_f02_easy_s2,ip,8,2,easy,2,lp_optimal,6,12,157,16,139,2,2,2.0000,1,0.838000,0.003000,0.830000,754.999626,778.943466,1
lrsp_n008_f02_easy_s3,ip,8,2,easy,3,lp_optimal,8,16,173,16,155,2,2,2.0000,1,0.647200,0.003400,0.640200,807.954734,807.954734,1
lrsp_n008_f02_moderate_s1,ip,8,2,moderate,1,lp_optimal,8,16,146,16,129,1,3,3.0000,1,0.104500,0.002800,0.099300,1047.109269,1047.109269,1
lrsp_n008_f02_moderate_s2,ip,8,2,moderate,2,lp_optimal,7,14,145,16,129,0,1,0.0000,1,0.186500,0.003000,0.181100,832.041328,832.041328,1
lrsp_n008_f02_moderate_s3,ip,8,2,moderate,3,lp_optimal,6,12,140,16,124,0,1,0.0000,1,0.087100,0.002700,0.080800,914.000707,955.703586,1
lrsp_n008_f02_tight_s1,dp,8,2,tight,1,lp_optimal,6,12,88,16,72,0,1,0.0000,1,3.550800,0.002700,3.546000,1649.515591,1650.541539,2
lrsp_n008_f02_tight_s1,ip,8,2,tight,1,lp_optimal,6,12,88,16,72,0,1,0.0000,1,0.016600,0.002400,0.012300,1649.515591,1650.541539,2
lrsp_n008_f02_tight_s2,dp,8,2,tight,2,lp_optimal,5,10,97,16,81,0,1,0.0000,1,9.089700,0.002600,9.084900,1274.684591,1274.684591,2
lrsp_n008_f02_tight_s2,ip,8,2,tight,2,lp_optimal,5,10,97,16,81,0,1,0.0000,1,0.019000,0.002300,0.014800,1274.684591,1274.684591,2
lrsp_n008_f02_tight_s3,dp,8,2,tight,3,lp_optimal,5,10,76,16,60,0,1,0.0000,1,4.813200,0.002400,4.807800,1422.824244,1446.494172,2
lrsp_n008_f02_tight_s3,ip,8,2,tight,3,lp_optimal,5,10,76,16,60,0,1,0.0000,1,0.013700,0.002100,0.008700,1422.824244,1446.494172,2
lrsp_n008_f04_easy_s1,ip,8,4,easy,1,lp_optimal,8,32,416,32,380,4,2,2.0000,1,1.517700,0.004300,1.502500,1214.990184,1224.693721,2
lrsp_n008_f04_easy_s2,ip,8,4,easy,2,lp_optimal,6,24,244,32,208,4,2,2.0000,1,1.509200,0.003300,1.502300,803.589975,803.589975,2
lrsp_n008_f04_easy_s3,ip,8,4,easy,3,lp_optimal,6,24,262,32,226,4,2,2.0000,1,0.891600,0.003100,0.884500,963.789684,963.789684,2
lrsp_n008_f04_moderate_s1,ip,8,4,moderate,1,lp_optimal,7,28,203,32,169,2,3,3.0000,1,0.157100,0.003000,0.150000,1719.891013,1751.563950,3
lrsp_n008_f04_moderate_s2,ip,8,4,moderate,2,lp_optimal,7,28,243,32,211,0,1,0.0000,1,0.331300,0.003500,0.251100,864.819187,972.911154,2
lrsp_n008_f04_moderate_s3,ip,8,4,moderate,3,lp_optimal,5,20,186,32,154,0,1,0.0000,1,0.204400,0.002600,0.144100,1041.462333,1171.745000,2
lrsp_n008_f04_tight_s1,dp,8,4,tight,1,lp_optimal,5,20,171,32,139,0,1,0.0000,1,7.237100,0.002700,7.085300,1854.164633,2038.124592,3
lrsp_n008_f04_tight_s1,ip,8,4,tight,1,lp_optimal,5,20,171,32,139,0,1,0.0000,1,0.169800,0.002600,0.022700,1854.164633,2038.124592,3
lrsp_n008_f04_tight_s2,dp,8,4,tight,2,lp_optimal,3,12,98,31,67,0,1,0.0000,1,0.447000,0.002200,0.443000,1099.869557,1099.869557,3
lrsp_n008_f04_tight_s2,ip,8,4,tight,2,lp_optimal,3,12,98,31,67,0,1,0.0000,1,0.013600,0.002100,0.009600,1099.869557,1099.869557,3
lrsp_n008_f04_tight_s3,dp,8,4,tight,3,lp_optimal,4,16,140,32,108,0,1,0.0000,1,7.679900,0.002300,7.614300,1442.880094,1575.801475,3
lrsp_n008_f04_tight_s3,ip,8,4,tight,3,lp_optimal,4,16,140,32,108,0,1,0.0000,1,0.078800,0.002300,0.013500,1442.880094,1575.801475,3
lrsp_n010_f02_easy_s1,ip,10,2,easy,1,lp_optimal,11,22,290,20,267,3,2,2.0000,1,8.907200,0.004700,8.897200,874.381974,874.381974,1
lrsp_n010_f02_easy_s2,ip,10,2,easy,2,lp_optimal,11,22,282,20,259,3,2,2.0000,1,20.365300,0.005300,20.346200,915.261406,964.320594,1
lrsp_n010_f02_easy_s3,ip,10,2,easy,3,lp_optimal,10,20,245,20,223,2,2,2.0000,1,6.337800,0.004300,6.328900,841.427508,841.427508,1
lrsp_n010_f02_moderate_s1,ip,10,2,moderate,1,lp_optimal,10,20,211,20,190,1,3,3.0000,1,0.543900,0.003300,0.537300,984.441414,984.441414,1
lrsp_n010_f02_moderate_s2,ip,10,2,moderate,2,lp_optimal,9,18,225,20,205,0,1,0.0000,1,2.383200,0.004200,2.332200,1061.305308,1160.585257,1
lrsp_n010_f02_moderate_s3,ip,10,2,moderate,3,lp_optimal,8,16,178,20,158,0,1,0.0000,1,0.388700,0.003500,0.379200,967.300744,992.775072,1
lrsp_n010_f02_tight_s1,ip,10,2,tight,1,lp_optimal,6,12,127,20,107,0,1,0.0000,1,0.039700,0.002500,0.034600,1656.349569,1669.134265,2
lrsp_n010_f02_tight_s2,ip,10,2,tight,2,lp_optimal,8,16,161,20,141,0,1,0.0000,1,0.101800,0.002900,0.092300,1704.596987,1721.295887,2
lrsp_n010_f02_tight_s3,ip,10,2,tight,3,lp_optimal,7,14,112,20,92,0,1,0.0000,1,0.031500,0.002500,0.026500,1508.057797,1514.466177,2
lrsp_n010_f03_easy_s1,ip,10,3,easy,1,lp_optimal,11,33,365,30,332,3,2,2.0000,1,12.261600,0.005400,12.249900,719.199554,719.199554,1
lrsp_n010_f03_easy_s2,ip,10,3,easy,2,lp_optimal,12,36,418,30,385,3,2,2.0000,1,30.308900,0.007800,30.286900,852.613272,899.512180,1
lrsp_n010_f03_easy_s3,ip,10,3,easy,3,lp_optimal,10,30,302,30,269,3,2,2.0000,1,8.727400,0.004800,8.717300,815.121385,815.121385,1
lrsp_n010_f03_moderate_s1,ip,10,3,moderate,1,lp_optimal,8,24,254,30,223,1,3,3.0000,1,0.552300,0.003400,0.544800,1140.010978,1149.825276,2
lrsp_n010_f03_moderate_s2,ip,10,3,moderate,2,lp_optimal,8,24,289,30,259,0,1,0.0000,1,2.715500,0.003700,2.672900,1397.602617,1442.861816,2
lrsp_n010_f03_moderate_s3,ip,10,3,moderate,3,lp_optimal,7,21,215,30,185,0,1,0.0000,1,0.483600,0.003300,0.471900,1285.330603,1322.917485,2
lrsp_n010_f03_tight_s1,ip,10,3,tight,1,lp_optimal,6,18,148,30,118,0,1,0.0000,1,0.049100,0.002600,0.040900,1647.759741,1670.267056,3
lrsp_n010_f03_tight_s2,ip,10,3,tight,2,lp_optimal,8,24,221,30,191,0,1,0.0000,1,0.141900,0.003200,0.134500,1971.433985,1973.666963,3
lrsp_n010_f03_tight_s3,ip,10,3,tight,3,lp_optimal,5,15,151,30,121,0,1,0.0000,1,0.030800,0.002400,0.025700,1801.205049,1804.882336,3
lrsp_n010_f05_easy_s1,ip,10,5,easy,1,lp_optimal,11,55,600,50,545,5,2,2.0000,1,20.419000,0.006400,20.401800,1046.271750,1048.622481,2
lrsp_n010_f05_easy_s2,ip,10,5,easy,2,lp_optimal,9,45,400,50,350,0,1,0.0000,1,23.573000,0.005800,23.551800,800.552598,861.078874,2
lrsp_n010_f05_easy_s3,ip,10,5,easy,3,lp_optimal,10,50,678,50,623,5,2,2.0000,1,12.503000,0.005900,12.485800,1148.323236,1148.323236,2
lrsp_n010_f05_moderate_s1,ip,10,5,moderate,1,lp_optimal,9,45,450,50,399,1,3,3.0000,1,1.020900,0.004500,1.009900,1464.379038,1473.000787,3
lrsp_n010_f05_moderate_s2,ip,10,5,moderate,2,lp_optimal,5,25,261,48,213,0,1,0.0000,1,0.121000,0.003300,0.107000,1066.195184,1096.442243,3
lrsp_n010_f05_moderate_s3,ip,10,5,moderate,3,lp_optimal,6,30,331,50,281,0,1,0.0000,1,0.687700,0.003700,0.657000,1653.444628,1704.808318,3
lrsp_n010_f05_tight_s1,ip,10,5,tight,1,lp_optimal,7,35,255,50,205,0,1,0.0000,1,0.149900,0.003200,0.077600,1988.301195,2130.764364,4
lrsp_n010_f05_tight_s2,dp,10,5,tight,2,lp_optimal,3,15,102,29,73,0,1,0.0000,1,0.008200,0.002700,0.002000,1334.296287,1364.344673,4
lrsp_n010_f05_tight_s2,ip,10,5,tight,2,lp_optimal,3,15,102,29,73,0,1,0.0000,1,0.006100,0.002200,0.001200,1334.296287,1364.344673,4
lrsp_n010_f05_tight_s3,ip,10,5,tight,3,lp_optimal,7,35,297,50,247,0,1,0.0000,1,0.143200,0.003100,0.054900,2169.262862,2265.674172,4
lrsp_n012_f03_easy_s1,ip,12,3,easy,1,time_limit,1,3,85,36,48,1,3,3.0000,0,33.944900,0.002000,33.940900,766.984897,766.984897,1
lrsp_n012_f03_moderate_s1,ip,12,3,moderate,1,lp_optimal,8,24,281,36,245,0,1,0.0000,1,1.080200,0.003800,1.072100,1113.116671,1115.777805,2
lrsp_n012_f03_moderate_s2,ip,12,3,moderate,2,lp_optimal,9,27,305,36,269,0,1,0.0000,1,6.600700,0.004800,6.587700,972.923143,977.342756,2
lrsp_n012_f03_moderate_s3,ip,12,3,moderate,3,lp_optimal,8,24,316,36,280,0,1,0.0000,1,1.684200,0.004200,1.657300,1296.740540,1352.810714,2
lrsp_n012_f03_tight_s1,ip,12,3,tight,1,lp_optimal,5,15,120,30,90,0,1,0.0000,1,0.023800,0.002400,0.018900,1595.749793,1599.440259,3
lrsp_n012_f03_tight_s2,ip,12,3,tight,2,lp_optimal,5,15,143,36,107,0,1,0.0000,1,0.092000,0.002500,0.085600,1260.257879,1291.010789,3
lrsp_n012_f03_tight_s3,ip,12,3,tight,3,lp_optimal,6,18,157,36,121,0,1,0.0000,1,0.079000,0.002800,0.055400,1865.221886,1931.058318,3
lrsp_n012_f04_moderate_s1,ip,12,4,moderate,1,lp_optimal,8,32,372,48,324,0,1,0.0000,1,2.439000,0.004900,1.377900,1058.094215,1171.489489,2
lrsp_n012_f04_moderate_s2,ip,12,4,moderate,2,lp_optimal,12,48,472,48,424,0,1,0.0000,1,13.756300,0.008400,9.836700,961.543128,1184.953083,3
lrsp_n012_f04_moderate_s3,ip,12,4,moderate,3,lp_optimal,9,36,441,48,393,0,1,0.0000,1,5.250000,0.011300,4.851100,1267.417474,1427.855133,2
lrsp_n012_f04_tight_s1,ip,12,4,tight,1,lp_optimal,5,20,164,39,125,0,1,0.0000,1,1.418000,0.006400,0.045200,1460.016491,1665.115667,3
lrsp_n012_f04_tight_s2,ip,12,4,tight,2,lp_optimal,6,24,209,48,161,0,1,0.0000,1,0.512000,0.006900,0.321200,1249.021520,1395.946072,3
lrsp_n012_f04_tight_s3,ip,12,4,tight,3,lp_optimal,6,24,199,48,151,0,1,0.0000,1,0.193400,0.005300,0.127700,1792.999674,1852.543772,3
lrsp_n012_f06_moderate_s1,ip,12,6,moderate,1,lp_optimal,9,54,533,71,462,0,1,0.0000,1,8.270900,0.012900,4.452800,1278.739004,1526.891281,4
lrsp_n012_f06_moderate_s2,ip,12,6,moderate,2,lp_optimal,8,48,535,72,463,0,1,0.0000,1,23.028800,0.010400,20.061400,1104.475332,1312.442498,3
lrsp_n012_f06_moderate_s3,ip,12,6,moderate,3,lp_optimal,7,42,498,72,426,0,1,0.0000,1,5.765200,0.009000,5.723500,1534.177417,1537.627849,4
lrsp_n012_f06_tight_s1,ip,12,6,tight,1,lp_optimal,6,36,223,57,166,0,1,0.0000,1,0.117000,0.006700,0.101000,1946.285445,1950.158652,5
lrsp_n012_f06_tight_s2,ip,12,6,tight,2,lp_optimal,5,30,300,72,228,0,1,0.0000,1,0.387400,0.006300,0.357700,1635.470580,1656.438687,5
lrsp_n012_f06_tight_s3,ip,12,6,tight,3,lp_optimal,7,42,269,70,199,0,1,0.0000,1,0.440800,0.007500,0.186200,1922.055346,2034.671031,5
lrsp_n015_f03_moderate_s1,ip,15,3,moderate,1,lp_optimal,12,36,368,45,323,0,1,0.0000,1,26.763700,0.012300,26.703700,1415.017847,1457.499594,2
lrsp_n015_f03_moderate_s3,ip,15,3,moderate,3,lp_optimal,11,33,391,45,346,0,1,0.0000,1,20.804500,0.013100,20.767600,1240.890051,1261.958489,2
lrsp_n015_f03_tight_s1,ip,15,3,tight,1,lp_optimal,7,21,252,43,209,0,1,0.0000,1,0.389900,0.007200,0.370800,1985.655617,2006.012399,3
lrsp_n015_f03_tight_s2,ip,15,3,tight,2,lp_optimal,7,21,292,45,247,0,1,0.0000,1,2.864900,0.009600,2.804700,1581.844295,1603.757541,3
lrsp_n015_f03_tight_s3,ip,15,3,tight,3,lp_optimal,5,15,191,45,146,0,1,0.0000,1,0.262400,0.006700,0.248900,1690.247732,1690.247732,3
lrsp_n015_f05_moderate_s1,ip,15,5,moderate,1,lp_optimal,9,45,497,75,422,0,1,0.0000,1,23.401100,0.011600,23.349200,1512.285319,1527.999118,3
lrsp_n015_f05_moderate_s3,ip,15,5,moderate,3,lp_optimal,9,45,550,75,475,0,1,0.0000,1,31.884100,0.016300,31.493400,1404.397511,1459.490517,3
lrsp_n015_f05_tight_s1,ip,15,5,tight,1,lp_optimal,7,35,309,68,241,0,1,0.0000,1,0.332800,0.010200,0.269300,2019.543160,2068.470420,4
lrsp_n015_f05_tight_s2,ip,15,5,tight,2,lp_optimal,7,35,333,75,258,0,1,0.0000,1,2.585100,0.009600,2.207900,1579.341737,1644.692080,4
lrsp_n015_f05_tight_s3,ip,15,5,tight,3,lp_optimal,5,25,248,74,174,0,1,0.0000,1,0.336200,0.006800,0.322200,1778.325617,1778.325617,4
lrsp_n015_f08_moderate_s1,ip,15,8,moderate,1,lp_optimal,9,72,668,116,552,0,1,0.0000,1,19.409300,0.016300,10.740900,1429.013922,1692.336779,5
lrsp_n015_f08_moderate_s3,ip,15,8,moderate,3,time_limit,7,56,756,120,636,0,1,0.0000,0,33.087100,0.013400,33.050400,1718.806786,1718.806786,5
lrsp_n015_f08_tight_s1,dp,15,8,tight,1,lp_optimal,5,40,289,84,205,0,1,0.0000,1,0.621900,0.008300,0.095300,2082.322664,2218.242533,6
lrsp_n015_f08_tight_s1,ip,15,8,tight,1,lp_optimal,5,40,289,84,205,0,1,0.0000,1,0.565900,0.010400,0.079200,2082.322664,2218.242533,6
lrsp_n015_f08_tight_s2,ip,15,8,tight,2,lp_optimal,6,48,454,117,337,0,1,0.0000,1,0.830400,0.007300,0.798400,1637.360542,1718.147055,6
lrsp_n015_f08_tight_s3,ip,15,8,tight,3,lp_optimal,6,48,405,114,291,0,1,0.0000,1,1.251400,0.008000,0.412300,2047.363807,2157.226490,6
lrsp_n020_f04_moderate_s1,ip,20,4,moderate,1,time_limit,8,32,499,80,419,0,1,0.0000,0,31.036000,0.013700,30.990100,1564.104137,1581.774979,3
lrsp_n020_f04_tight_s1,dp,20,4,tight,1,lp_optimal,8,32,254,53,201,0,1,0.0000,1,0.160100,0.007000,0.116100,1766.747779,1786.623399,3
lrsp_n020_f04_tight_s1,ip,20,4,tight,1,lp_optimal,8,32,254,53,201,0,1,0.0000,1,0.152800,0.006600,0.104400,1766.747779,1786.623399,3
lrsp_n020_f04_tight_s2,ip,20,4,tight,2,lp_optimal,8,32,377,74,303,0,1,0.0000,1,2.946100,0.011600,2.067900,1547.419150,1624.053431,3
lrsp_n020_f04_tight_s3,ip,20,4,tight,3,lp_optimal,9,36,314,78,236,0,1,0.0000,1,1.948000,0.010500,1.352300,1626.700378,1674.184780,3
lrsp_n020_f06_moderate_s1,ip,20,6,moderate,1,time_limit,3,18,408,120,288,0,1,0.0000,0,37.054200,0.010000,32.213500,1574.172545,1814.741555,4
lrsp_n020_f06_tight_s1,dp,20,6,tight,1,lp_optimal,7,42,366,85,281,0,1,0.0000,1,0.210400,0.007000,0.178600,1947.255890,1960.124286,5
lrsp_n020_f06_tight_s1,ip,20,6,tight,1,lp_optimal,7,42,366,85,281,0,1,0.0000,1,0.226500,0.008200,0.190000,1947.255890,1960.124286,5
lrsp_n020_f06_tight_s2,ip,20,6,tight,2,lp_optimal,7,42,432,102,330,0,1,0.0000,1,1.293000,0.013700,0.648700,1643.983886,1718.384488,5
lrsp_n020_f06_tight_s3,ip,20,6,tight,3,lp_optimal,6,36,413,108,305,0,1,0.0000,1,0.705600,0.010500,0.642700,1955.554225,1976.216933,5
lrsp_n020_f10_moderate_s1,ip,20,10,moderate,1,time_limit,4,40,776,190,586,0,1,0.0000,0,35.639300,0.018700,33.734000,1468.325596,1670.700025,6
lrsp_n020_f10_moderate_s3,ip,20,10,moderate,3,time_limit,6,60,854,178,676,0,1,0.0000,0,39.086200,0.029100,31.463600,1635.255875,1834.890527,6
lrsp_n020_f10_tight_s1,dp,20,10,tight,1,lp_optimal,5,50,427,139,288,0,1,0.0000,1,0.395600,0.009600,0.177400,2083.649709,2135.127254,8
lrsp_n020_f10_tight_s1,ip,20,10,tight,1,lp_optimal,5,50,427,139,288,0,1,0.0000,1,0.441000,0.011400,0.202900,2083.649709,2135.127254,8
lrsp_n020_f10_tight_s2,ip,20,10,tight,2,lp_optimal,7,70,568,161,407,0,1,0.0000,1,2.275100,0.012900,1.192600,1952.062000,2089.243983,8
lrsp_n020_f10_tight_s3,dp,20,10,tight,3,lp_optimal,7,70,472,120,352,0,1,0.0000,1,0.465200,0.010900,0.164900,2360.242870,2435.814492,8
lrsp_n020_f10_tight_s3,ip,20,10,tight,3,lp_optimal,7,70,472,120,352,0,1,0.0000,1,0.500200,0.012400,0.189600,2360.242870,2435.814492,8
lrsp_n025_f05_tight_s1,ip,25,5,tight,1,lp_optimal,9,45,483,118,365,0,1,0.0000,1,4.442400,0.015200,3.282300,1750.635873,1799.723450,4
lrsp_n025_f05_tight_s2,ip,25,5,tight,2,lp_optimal,10,50,637,125,512,0,1,0.0000,1,20.121500,0.015700,19.370600,1876.112553,1930.256218,4
lrsp_n025_f05_tight_s3,dp,25,5,tight,3,lp_optimal,8,40,410,75,335,0,1,0.0000,1,0.700000,0.012100,0.267400,1816.988844,1854.200512,4
lrsp_n025_f05_tight_s3,ip,25,5,tight,3,lp_optimal,8,40,410,75,335,0,1,0.0000,1,0.895100,0.014400,0.325900,1816.988844,1854.200512,4
lrsp_n025_f08_moderate_s1,dp,25,8,moderate,1,lp_optimal,11,88,876,156,720,0,1,0.0000,1,24.452900,0.027800,24.033500,1510.187820,1559.706877,5
lrsp_n025_f08_moderate_s1,ip,25,8,moderate,1,lp_optimal,11,88,876,156,720,0,1,0.0000,1,22.190100,0.026100,21.731500,1510.187820,1559.706877,5
lrsp_n025_f08_moderate_s3,ip,25,8,moderate,3,time_limit,1,8,309,181,128,0,1,0.0000,0,38.557500,0.007300,38.397000,1819.067383,1908.520681,5
lrsp_n025_f08_tight_s1,dp,25,8,tight,1,lp_optimal,7,56,389,97,292,0,1,0.0000,1,2.125100,0.009100,0.096100,1837.039189,1927.786233,6
lrsp_n025_f08_tight_s1,ip,25,8,tight,1,lp_optimal,7,56,389,97,292,0,1,0.0000,1,2.112300,0.009700,0.098200,1837.039189,1927.786233,6
lrsp_n025_f08_tight_s2,dp,25,8,tight,2,lp_optimal,8,64,528,136,392,0,1,0.0000,1,2.691100,0.013500,0.443800,1861.192086,2014.706940,6
lrsp_n025_f08_tight_s2,ip,25,8,tight,2,lp_optimal,8,64,528,136,392,0,1,0.0000,1,2.574800,0.013500,0.430300,1861.192086,2014.706940,6
lrsp_n025_f08_tight_s3,dp,25,8,tight,3,lp_optimal,7,56,433,116,317,0,1,0.0000,1,0.466400,0.013700,0.342600,1816.084847,1862.478460,6
lrsp_n025_f08_tight_s3,ip,25,8,tight,3,lp_optimal,7,56,433,116,317,0,1,0.0000,1,0.432300,0.013100,0.334100,1816.084847,1862.478460,6
lrsp_n030_f06_tight_s1,ip,30,6,tight,1,time_limit,6,36,678,176,502,0,1,0.0000,0,32.502600,0.020600,32.175800,2067.962487,2083.391575,5
lrsp_n030_f06_tight_s2,ip,30,6,tight,2,time_limit,10,60,811,167,644,0,1,0.0000,0,34.186600,0.019800,31.210900,2179.200806,2264.823378,5
lrsp_n030_f06_tight_s3,dp,30,6,tight,3,lp_optimal,9,54,546,132,414,0,1,0.0000,1,8.461500,0.016600,7.606700,2376.243337,2434.114057,5
lrsp_n030_f06_tight_s3,ip,30,6,tight,3,lp_optimal,9,54,546,132,414,0,1,0.0000,1,8.763000,0.018200,8.007000,2376.243337,2434.114057,5
lrsp_n030_f10_tight_s1,ip,30,10,tight,1,time_limit,4,40,843,285,558,0,1,0.0000,0,32.078600,0.015800,30.237700,2424.063548,2584.256896,8
lrsp_n030_f10_tight_s2,dp,30,10,tight,2,lp_optimal,8,80,711,190,521,0,1,0.0000,1,2.140000,0.022200,1.104100,2377.762223,2495.974586,8
lrsp_n030_f10_tight_s2,ip,30,10,tight,2,lp_optimal,8,80,711,190,521,0,1,0.0000,1,1.927800,0.020000,0.983600,2377.762223,2495.974586,8
lrsp_n030_f10_tight_s3,dp,30,10,tight,3,lp_optimal,6,60,501,140,361,0,1,0.0000,1,0.737900,0.012700,0.423600,2145.605509,2233.892837,8
lrsp_n030_f10_tight_s3,ip,30,10,tight,3,lp_optimal,6,60,501,140,361,0,1,0.0000,1,0.856300,0.014200,0.465100,2145.605509,2233.892837,8
