instance,n,f,regime,seed,pricing,status,iterations,pricing_calls,total_columns,seed_columns,phase1_route_columns,phase2_pairing_columns,max_routes_per_column,avg_routes_per_pairing,reached_optimality,total_seconds,master_seconds,pricing_seconds,root_lp_objective,integer_objective,open_facilities
lrsp_n005_f02_easy_s1,5,2,easy,1,dp,lp_optimal,5,10,99,10,89,0,1,0.0000,1,0.038000,0.005900,0.022000,815.383240,815.383240,1
lrsp_n005_f02_easy_s1,5,2,easy,1,ip,lp_optimal,5,10,99,10,89,0,1,0.0000,1,0.051700,0.003500,0.045300,815.383240,815.383240,1
lrsp_n005_f02_easy_s2,5,2,easy,2,dp,lp_optimal,5,10,87,10,77,0,1,0.0000,1,0.026600,0.002500,0.015900,764.901398,764.901398,1
lrsp_n005_f02_easy_s2,5,2,easy,2,ip,lp_optimal,5,10,87,10,77,0,1,0.0000,1,0.024800,0.006900,0.016000,764.901398,764.901398,1
lrsp_n005_f02_easy_s3,5,2,easy,3,dp,lp_optimal,5,10,69,10,59,0,1,0.0000,1,0.019300,0.002200,0.015400,555.020443,555.020443,1
lrsp_n005_f02_easy_s3,5,2,easy,3,ip,lp_optimal,5,10,69,10,59,0,1,0.0000,1,0.022100,0.002300,0.018000,555.020443,555.020443,1
lrsp_n005_f02_moderate_s1,5,2,moderate,1,dp,lp_optimal,4,8,69,10,57,2,2,2.0000,1,0.016600,0.002100,0.006300,939.838047,962.552073,1
lrsp_n005_f02_moderate_s1,5,2,moderate,1,ip,lp_optimal,4,8,69,10,57,2,2,2.0000,1,0.020900,0.003200,0.014200,939.838047,962.552073,1
lrsp_n005_f02_moderate_s2,5,2,moderate,2,dp,lp_optimal,4,8,73,10,61,2,2,2.0000,1,0.015000,0.002100,0.009000,830.561185,839.691269,1
lrsp_n005_f02_moderate_s2,5,2,moderate,2,ip,lp_optimal,4,8,73,10,61,2,2,2.0000,1,0.018600,0.003600,0.011800,830.561185,839.691269,1
lrsp_n005_f02_moderate_s3,5,2,moderate,3,dp,lp_optimal,4,8,69,10,57,2,2,2.0000,1,0.010100,0.002200,0.006300,601.230483,601.230483,1
lrsp_n005_f02_moderate_s3,5,2,moderate,3,ip,lp_optimal,4,8,69,10,57,2,2,2.0000,1,0.012000,0.002400,0.007900,601.230483,601.230483,1
lrsp_n005_f02_tight_s1,5,2,tight,1,dp,lp_optimal,3,6,48,10,38,0,1,0.0000,1,0.005700,0.001900,0.001200,1595.741536,1597.946395,2
lrsp_n005_f02_tight_s1,5,2,tight,1,ip,lp_optimal,3,6,48,10,38,0,1,0.0000,1,0.008000,0.002000,0.004500,1595.741536,1597.946395,2
lrsp_n005_f02_tight_s2,5,2,tight,2,dp,lp_optimal,4,8,58,10,48,0,1,0.0000,1,0.009200,0.002100,0.004000,1362.745437,1383.580972,2
lrsp_n005_f02_tight_s2,5,2,tight,2,ip,lp_optimal,4,8,58,10,48,0,1,0.0000,1,0.019300,0.002200,0.014500,1362.745437,1383.580972,2
lrsp_n005_f02_tight_s3,5,2,tight,3,dp,lp_optimal,3,6,29,10,19,0,1,0.0000,1,0.004200,0.002000,0.001000,888.170092,888.170092,2
lrsp_n005_f02_tight_s3,5,2,tight,3,ip,lp_optimal,3,6,29,10,19,0,1,0.0000,1,0.008400,0.002000,0.004700,888.170092,888.170092,2
lrsp_n006_f02_easy_s1,6,2,easy,1,dp,lp_optimal,6,12,100,12,86,2,2,2.0000,1,0.389100,0.002700,0.383800,720.857751,740.257882,1
lrsp_n006_f02_easy_s1,6,2,easy,1,ip,lp_optimal,6,12,100,12,86,2,2,2.0000,1,0.055200,0.002600,0.050100,720.857751,740.257882,1
lrsp_n006_f02_easy_s2,6,2,easy,2,dp,lp_optimal,6,12,121,12,109,0,1,0.0000,1,0.189200,0.002800,0.183800,583.217786,583.217786,1
lrsp_n006_f02_easy_s2,6,2,easy,2,ip,lp_optimal,6,12,121,12,109,0,1,0.0000,1,0.045100,0.002900,0.039500,583.217786,583.217786,1
lrsp_n006_f02_easy_s3,6,2,easy,3,dp,lp_optimal,6,12,123,12,109,2,2,2.0000,1,0.436000,0.002800,0.428800,756.546655,780.489880,1
lrsp_n006_f02_easy_s3,6,2,easy,3,ip,lp_optimal,6,12,123,12,109,2,2,2.0000,1,0.071400,0.004600,0.062400,756.546655,780.489880,1
lrsp_n006_f02_moderate_s1,6,2,moderate,1,dp,lp_optimal,4,8,66,12,53,1,2,2.0000,1,0.101700,0.002500,0.096400,816.655053,816.655053,1
lrsp_n006_f02_moderate_s1,6,2,moderate,1,ip,lp_optimal,4,8,66,12,53,1,2,2.0000,1,0.017300,0.002300,0.013100,816.655053,816.655053,1
lrsp_n006_f02_moderate_s2,6,2,moderate,2,dp,lp_optimal,4,8,80,12,68,0,1,0.0000,1,0.049400,0.003500,0.044000,645.732244,645.732244,1
lrsp_n006_f02_moderate_s2,6,2,moderate,2,ip,lp_optimal,4,8,80,12,68,0,1,0.0000,1,0.014700,0.002500,0.010400,645.732244,645.732244,1
lrsp_n006_f02_moderate_s3,6,2,moderate,3,dp,lp_optimal,5,10,96,12,82,2,2,2.0000,1,0.188900,0.002800,0.183600,814.288517,814.288517,1
lrsp_n006_f02_moderate_s3,6,2,moderate,3,ip,lp_optimal,5,10,96,12,82,2,2,2.0000,1,0.039300,0.002900,0.031700,814.288517,814.288517,1
lrsp_n006_f02_tight_s1,6,2,tight,1,dp,lp_optimal,3,6,47,12,35,0,1,0.0000,1,0.011500,0.002300,0.007400,1301.041192,1328.409345,2
lrsp_n006_f02_tight_s1,6,2,tight,1,ip,lp_optimal,3,6,47,12,35,0,1,0.0000,1,0.008800,0.002100,0.005200,1301.041192,1328.409345,2
lrsp_n006_f02_tight_s2,6,2,tight,2,dp,lp_optimal,2,4,28,9,19,0,1,0.0000,1,0.006300,0.004500,0.000200,932.578555,961.045475,2
lrsp_n006_f02_tight_s2,6,2,tight,2,ip,lp_optimal,2,4,28,9,19,0,1,0.0000,1,0.006400,0.004800,0.000200,932.578555,961.045475,2
lrsp_n006_f02_tight_s3,6,2,tight,3,dp,lp_optimal,4,8,57,12,45,0,1,0.0000,1,0.023600,0.005000,0.016500,1374.694261,1378.811440,2
lrsp_n007_f02_easy_s1,7,2,easy,1,dp,lp_optimal,9,18,145,14,129,2,2,2.0000,1,14.025900,0.003800,14.016000,716.685933,750.214877,1
lrsp_n007_f02_easy_s1,7,2,easy,1,ip,lp_optimal,8,16,146,14,130,2,2,2.0000,1,0.276000,0.003200,0.267100,716.685933,750.214877,1
lrsp_n007_f02_easy_s2,7,2,easy,2,dp,lp_optimal,7,14,123,14,107,2,2,2.0000,1,9.643800,0.003200,9.636100,746.681146,787.824304,1
lrsp_n007_f02_easy_s2,7,2,easy,2,ip,lp_optimal,7,14,123,14,107,2,2,2.0000,1,0.244900,0.002800,0.238000,746.681146,787.824304,1
lrsp_n007_f02_easy_s3,7,2,easy,3,dp,lp_optimal,6,12,137,14,121,2,2,2.0000,1,9.773100,0.003200,9.764500,946.880828,961.352764,1
lrsp_n007_f02_easy_s3,7,2,easy,3,ip,lp_optimal,6,12,137,14,121,2,2,2.0000,1,0.204700,0.002900,0.196800,946.880828,961.352764,1
lrsp_n007_f02_moderate_s1,7,2,moderate,1,dp,lp_optimal,7,14,126,14,112,0,1,0.0000,1,4.441400,0.003100,4.433400,831.816691,888.767843,1
lrsp_n007_f02_moderate_s1,7,2,moderate,1,ip,lp_optimal,7,14,126,14,112,0,1,0.0000,1,0.071600,0.002700,0.064400,831.816691,888.767843,1
lrsp_n007_f02_moderate_s2,7,2,moderate,2,dp,lp_optimal,7,14,149,14,135,0,1,0.0000,1,5.513800,0.003300,5.507800,823.916555,823.916555,1
lrsp_n007_f02_moderate_s2,7,2,moderate,2,ip,lp_optimal,7,14,149,14,135,0,1,0.0000,1,0.067900,0.002900,0.062700,823.916555,823.916555,1
lrsp_n007_f02_moderate_s3,7,2,moderate,3,dp,lp_optimal,5,10,110,14,96,0,1,0.0000,1,2.741000,0.002900,2.732500,1090.605556,1138.916863,1
lrsp_n007_f02_moderate_s3,7,2,moderate,3,ip,lp_optimal,5,10,110,14,96,0,1,0.0000,1,0.054100,0.002500,0.046400,1090.605556,1138.916863,1
lrsp_n007_f02_tight_s1,7,2,tight,1,dp,lp_optimal,5,10,82,14,68,0,1,0.0000,1,0.149100,0.002400,0.145000,1207.368395,1207.368395,2
lrsp_n007_f02_tight_s1,7,2,tight,1,ip,lp_optimal,5,10,82,14,68,0,1,0.0000,1,0.013500,0.002400,0.009400,1207.368395,1207.368395,2
lrsp_n007_f02_tight_s2,7,2,tight,2,dp,lp_optimal,5,10,73,14,59,0,1,0.0000,1,0.399800,0.002300,0.393100,1271.649258,1280.941849,2
lrsp_n007_f02_tight_s2,7,2,tight,2,ip,lp_optimal,5,10,73,14,59,0,1,0.0000,1,0.015400,0.002200,0.010900,1271.649258,1280.941849,2
lrsp_n007_f02_tight_s3,7,2,tight,3,dp,lp_optimal,4,8,60,14,46,0,1,0.0000,1,0.174600,0.002100,0.170900,1775.047301,1775.047301,2
lrsp_n007_f02_tight_s3,7,2,tight,3,ip,lp_optimal,4,8,60,14,46,0,1,0.0000,1,0.013300,0.002000,0.009900,1775.047301,1775.047301,2
lrsp_n008_f02_easy_s1,8,2,easy,1,ip,lp_optimal,8,16,133,16,115,2,2,2.0000,1,0.772600,0.003200,0.764700,903.457946,943.297575,1
lrsp_n008_f02_easy_s2,8,2,easy,2,ip,lp_optimal,6,12,157,16,139,2,2,2.0000,1,0.897600,0.003100,0.889600,754.999626,778.943466,1
lrsp_n008_f02_easy_s3,8,2,easy,3,ip,lp_optimal,8,16,173,16,155,2,2,2.0000,1,0.696300,0.003900,0.688700,807.954734,807.954734,1
lrsp_n008_f02_moderate_s1,8,2,moderate,1,dp,time_limit,1,2,49,16,32,1,3,3.0000,0,30.837500,0.002000,30.834000,1047.109269,1047.109269,1
lrsp_n008_f02_moderate_s1,8,2,moderate,1,ip,lp_optimal,8,16,146,16,129,1,3,3.0000,1,0.107900,0.002900,0.102600,1047.109269,1047.109269,1
lrsp_n008_f02_moderate_s2,8,2,moderate,2,ip,lp_optimal,7,14,145,16,129,0,1,0.0000,1,0.185100,0.002900,0.179800,832.041328,832.041328,1
lrsp_n008_f02_moderate_s3,8,2,moderate,3,ip,lp_optimal,6,12,140,16,124,0,1,0.0000,1,0.088700,0.002800,0.082000,914.000707,955.703586,1
lrsp_n008_f02_tight_s1,8,2,tight,1,dp,lp_optimal,6,12,88,16,72,0,1,0.0000,1,3.433700,0.002800,3.428600,1649.515591,1650.541539,2
lrsp_n008_f02_tight_s1,8,2,tight,1,ip,lp_optimal,6,12,88,16,72,0,1,0.0000,1,0.017500,0.002500,0.013000,1649.515591,1650.541539,2
lrsp_n008_f02_tight_s2,8,2,tight,2,dp,lp_optimal,5,10,97,16,81,0,1,0.0000,1,8.684900,0.002600,8.680100,1274.684591,1274.684591,2
lrsp_n008_f02_tight_s2,8,2,tight,2,ip,lp_optimal,5,10,97,16,81,0,1,0.0000,1,0.019300,0.002400,0.014800,1274.684591,1274.684591,2
lrsp_n008_f02_tight_s3,8,2,tight,3,dp,lp_optimal,5,10,76,16,60,0,1,0.0000,1,4.662200,0.002400,4.656700,1422.824244,1446.494172,2
lrsp_n008_f02_tight_s3,8,2,tight,3,ip,lp_optimal,5,10,76,16,60,0,1,0.0000,1,0.014900,0.002100,0.010000,1422.824244,1446.494172,2
lrsp_n009_f03_easy_s1,9,3,easy,1,ip,lp_optimal,11,33,340,27,310,3,2,2.0000,1,2.503800,0.005400,2.492900,657.158292,657.158292,1
lrsp_n009_f03_easy_s2,9,3,easy,2,ip,lp_optimal,10,30,302,27,272,3,2,2.0000,1,5.820600,0.005200,5.802300,646.755153,680.907332,1
lrsp_n009_f03_easy_s3,9,3,easy,3,ip,lp_optimal,10,30,301,27,271,3,2,2.0000,1,2.690400,0.004600,2.676500,752.900704,765.495990,1
lrsp_n009_f03_moderate_s1,9,3,moderate,1,ip,lp_optimal,7,21,182,27,155,0,1,0.0000,1,0.184300,0.003000,0.177900,984.274907,989.589767,2
lrsp_n009_f03_moderate_s2,9,3,moderate,2,ip,lp_optimal,6,18,197,27,170,0,1,0.0000,1,0.427200,0.002900,0.420200,972.727933,1001.357593,2
lrsp_n009_f03_moderate_s3,9,3,moderate,3,ip,lp_optimal,6,18,192,27,165,0,1,0.0000,1,0.246300,0.002900,0.161400,1139.495361,1200.491571,2
lrsp_n009_f03_tight_s1,9,3,tight,1,dp,lp_optimal,4,12,106,27,79,0,1,0.0000,1,17.653400,0.002500,17.648200,1359.215127,1366.730211,3
lrsp_n009_f03_tight_s1,9,3,tight,1,ip,lp_optimal,4,12,106,27,79,0,1,0.0000,1,0.016800,0.002200,0.012300,1359.215127,1366.730211,3
lrsp_n009_f03_tight_s2,9,3,tight,2,ip,lp_optimal,4,12,111,26,85,0,1,0.0000,1,0.022300,0.002300,0.017700,1359.582735,1369.282981,3
lrsp_n009_f03_tight_s3,9,3,tight,3,ip,lp_optimal,4,12,93,27,66,0,1,0.0000,1,0.019900,0.002300,0.014200,1512.148786,1517.968289,3
lrsp_n010_f03_easy_s1,10,3,easy,1,ip,lp_optimal,11,33,365,30,332,3,2,2.0000,1,12.561100,0.005700,12.548900,719.199554,719.199554,1
lrsp_n010_f03_easy_s2,10,3,easy,2,ip,lp_optimal,12,36,418,30,385,3,2,2.0000,1,32.270000,0.008200,32.246200,852.613272,899.512180,1
lrsp_n010_f03_easy_s3,10,3,easy,3,ip,lp_optimal,10,30,302,30,269,3,2,2.0000,1,9.913000,0.005900,9.900900,815.121385,815.121385,1
lrsp_n010_f03_moderate_s1,10,3,moderate,1,ip,lp_optimal,8,24,254,30,223,1,3,3.0000,1,0.598100,0.004400,0.588700,1140.010978,1149.825276,2
lrsp_n010_f03_moderate_s2,10,3,moderate,2,ip,lp_optimal,8,24,289,30,259,0,1,0.0000,1,3.043200,0.004900,2.986300,1397.602617,1442.861816,2
lrsp_n010_f03_moderate_s3,10,3,moderate,3,ip,lp_optimal,7,21,215,30,185,0,1,0.0000,1,0.540600,0.004300,0.525800,1285.330603,1322.917485,2
lrsp_n010_f03_tight_s1,10,3,tight,1,ip,lp_optimal,6,18,148,30,118,0,1,0.0000,1,0.056500,0.003300,0.046900,1647.759741,1670.267056,3
lrsp_n010_f03_tight_s2,10,3,tight,2,ip,lp_optimal,8,24,221,30,191,0,1,0.0000,1,0.147700,0.003400,0.139900,1971.433985,1973.666963,3
lrsp_n010_f03_tight_s3,10,3,tight,3,ip,lp_optimal,5,15,151,30,121,0,1,0.0000,1,0.033400,0.002500,0.028200,1801.205049,1804.882336,3
lrsp_n011_f03_easy_s1,11,3,easy,1,ip,time_limit,3,9,180,33,144,3,2,2.0000,0,31.201600,0.002900,31.194500,857.480674,857.480674,1
lrsp_n011_f03_easy_s3,11,3,easy,3,ip,time_limit,3,9,180,33,144,3,2,2.0000,0,30.652500,0.003200,30.645500,826.917581,826.917581,1
lrsp_n011_f03_moderate_s1,11,3,moderate,1,ip,lp_optimal,11,33,371,33,338,0,1,0.0000,1,1.409700,0.006000,1.396800,1332.979279,1332.979279,2
lrsp_n011_f03_moderate_s2,11,3,moderate,2,ip,lp_optimal,8,24,277,33,244,0,1,0.0000,1,5.215800,0.005500,5.183200,1061.264289,1141.565316,2
lrsp_n011_f03_moderate_s3,11,3,moderate,3,ip,lp_optimal,8,24,270,33,237,0,1,0.0000,1,1.239900,0.005400,1.121300,1336.847110,1401.888868,2
lrsp_n011_f03_tight_s1,11,3,tight,1,ip,lp_optimal,7,21,170,31,139,0,1,0.0000,1,0.063600,0.004400,0.054900,1911.972101,1955.729143,3
lrsp_n011_f03_tight_s2,11,3,tight,2,ip,lp_optimal,5,15,152,32,120,0,1,0.0000,1,0.093500,0.003300,0.086600,1451.700016,1452.930987,3
lrsp_n011_f03_tight_s3,11,3,tight,3,ip,lp_optimal,6,18,197,33,164,0,1,0.0000,1,0.052000,0.003800,0.044600,1841.153035,1845.752926,3
lrsp_n012_f04_moderate_s1,12,4,moderate,1,ip,lp_optimal,8,32,372,48,324,0,1,0.0000,1,2.834600,0.005500,1.530100,1058.094215,1171.489489,2
lrsp_n012_f04_moderate_s2,12,4,moderate,2,ip,lp_optimal,12,48,472,48,424,0,1,0.0000,1,12.131200,0.009000,10.098200,961.543128,1184.953083,3
lrsp_n012_f04_moderate_s3,12,4,moderate,3,ip,lp_optimal,9,36,441,48,393,0,1,0.0000,1,2.607800,0.005800,2.375000,1267.417474,1427.855133,2
lrsp_n012_f04_tight_s1,12,4,tight,1,ip,lp_optimal,5,20,164,39,125,0,1,0.0000,1,0.642300,0.002900,0.021000,1460.016491,1665.115667,3
lrsp_n012_f04_tight_s2,12,4,tight,2,ip,lp_optimal,6,24,209,48,161,0,1,0.0000,1,0.220900,0.003100,0.137500,1249.021520,1395.946072,3
lrsp_n012_f04_tight_s3,12,4,tight,3,ip,lp_optimal,6,24,199,48,151,0,1,0.0000,1,0.106000,0.005300,0.068900,1792.999674,1852.543772,3
lrsp_n013_f04_moderate_s1,13,4,moderate,1,ip,lp_optimal,9,36,483,52,431,0,1,0.0000,1,7.305600,0.006900,5.516200,1133.993097,1428.677079,2
lrsp_n013_f04_moderate_s2,13,4,moderate,2,ip,lp_optimal,10,40,443,52,391,0,1,0.0000,1,31.709900,0.007200,29.952400,903.781308,1134.436445,3
lrsp_n013_f04_moderate_s3,13,4,moderate,3,ip,lp_optimal,11,44,496,52,444,0,1,0.0000,1,10.731700,0.006800,9.735200,1422.867004,1739.735130,2
lrsp_n013_f04_tight_s1,13,4,tight,1,ip,lp_optimal,6,24,272,50,222,0,1,0.0000,1,0.408200,0.004700,0.167600,1655.156746,1752.714932,3
lrsp_n013_f04_tight_s2,13,4,tight,2,ip,lp_optimal,6,24,247,51,196,0,1,0.0000,1,0.274900,0.006500,0.248900,1249.472041,1275.412208,3
lrsp_n013_f04_tight_s3,13,4,tight,3,ip,lp_optimal,6,24,218,50,168,0,1,0.0000,1,0.259300,0.003100,0.078800,2003.826724,2125.101026,3
lrsp_n014_f04_moderate_s1,14,4,moderate,1,ip,lp_optimal,11,44,501,56,445,0,1,0.0000,1,10.532700,0.010900,10.497600,1262.547736,1273.325885,2
lrsp_n014_f04_moderate_s2,14,4,moderate,2,ip,time_limit,1,4,120,56,64,0,1,0.0000,0,38.028700,0.002800,38.017300,1985.708061,1987.697352,3
lrsp_n014_f04_moderate_s3,14,4,moderate,3,ip,lp_optimal,10,40,476,56,420,0,1,0.0000,1,18.250200,0.009300,18.218900,1197.476360,1213.928254,2
lrsp_n014_f04_tight_s1,14,4,tight,1,ip,lp_optimal,7,28,258,56,202,0,1,0.0000,1,0.389300,0.005500,0.344000,1783.636416,1836.886150,3
lrsp_n014_f04_tight_s2,14,4,tight,2,ip,lp_optimal,8,32,367,56,311,0,1,0.0000,1,1.673700,0.005700,1.607200,1765.226410,1834.433381,3
lrsp_n014_f04_tight_s3,14,4,tight,3,ip,lp_optimal,6,24,287,56,231,0,1,0.0000,1,0.543700,0.003900,0.223300,1606.931800,1702.311078,3
lrsp_n015_f05_moderate_s1,15,5,moderate,1,ip,lp_optimal,9,45,497,75,422,0,1,0.0000,1,22.386300,0.011000,22.335300,1512.285319,1527.999118,3
lrsp_n015_f05_moderate_s3,15,5,moderate,3,ip,lp_optimal,9,45,550,75,475,0,1,0.0000,1,30.267600,0.017100,29.953900,1404.397511,1459.490517,3
lrsp_n015_f05_tight_s1,15,5,tight,1,ip,lp_optimal,7,35,309,68,241,0,1,0.0000,1,0.264600,0.007500,0.212600,2019.543160,2068.470420,4
lrsp_n015_f05_tight_s2,15,5,tight,2,ip,lp_optimal,7,35,333,75,258,0,1,0.0000,1,2.603700,0.009400,2.138700,1579.341737,1644.692080,4
lrsp_n015_f05_tight_s3,15,5,tight,3,ip,lp_optimal,5,25,248,74,174,0,1,0.0000,1,0.343700,0.008400,0.326500,1778.325617,1778.325617,4
lrsp_n016_f05_moderate_s1,16,5,moderate,1,ip,time_limit,2,10,240,80,160,0,1,0.0000,0,34.626100,0.005500,34.554900,2146.138428,2278.793359,3
lrsp_n016_f05_moderate_s3,16,5,moderate,3,ip,time_limit,7,35,493,80,413,0,1,0.0000,0,31.723800,0.044300,30.958200,1250.722646,1322.325585,3
lrsp_n016_f05_tight_s1,16,5,tight,1,ip,lp_optimal,9,45,474,80,394,0,1,0.0000,1,3.241500,0.010900,2.815700,2446.377086,2548.336117,4
lrsp_n016_f05_tight_s2,16,5,tight,2,ip,lp_optimal,7,35,345,71,274,0,1,0.0000,1,1.111700,0.012100,0.682900,1859.655665,1972.181610,4
lrsp_n016_f05_tight_s3,16,5,tight,3,ip,lp_optimal,6,30,278,71,207,0,1,0.0000,1,0.671500,0.009400,0.353400,1584.498424,1628.674172,4
lrsp_n017_f05_moderate_s1,17,5,moderate,1,ip,time_limit,7,35,500,85,415,0,1,0.0000,0,32.923400,0.013600,32.871700,1434.144632,1441.447486,3
lrsp_n017_f05_moderate_s3,17,5,moderate,3,ip,time_limit,1,5,165,85,80,0,1,0.0000,0,30.044300,0.005000,30.005900,1658.397956,1675.182153,3
lrsp_n017_f05_tight_s1,17,5,tight,1,dp,lp_optimal,6,30,306,68,238,0,1,0.0000,1,0.205300,0.009900,0.166400,1860.224440,1872.976524,4
lrsp_n017_f05_tight_s1,17,5,tight,1,ip,lp_optimal,6,30,306,68,238,0,1,0.0000,1,0.210200,0.010000,0.167800,1860.224440,1872.976524,4
lrsp_n017_f05_tight_s2,17,5,tight,2,ip,lp_optimal,7,35,333,74,259,0,1,0.0000,1,0.836700,0.009700,0.516200,1601.308408,1683.271611,4
lrsp_n017_f05_tight_s3,17,5,tight,3,ip,lp_optimal,7,35,355,82,273,0,1,0.0000,1,0.888600,0.008500,0.809400,1758.178676,1773.946003,4
lrsp_n018_f06_moderate_s1,18,6,moderate,1,ip,lp_optimal,9,54,598,105,493,0,1,0.0000,1,34.638800,0.020300,30.183100,1358.002022,1513.180477,3
lrsp_n018_f06_moderate_s3,18,6,moderate,3,ip,lp_optimal,10,60,647,101,546,0,1,0.0000,1,26.196000,0.021700,18.202300,1233.222670,1436.237433,4
lrsp_n018_f06_tight_s1,18,6,tight,1,dp,lp_optimal,7,42,328,81,247,0,1,0.0000,1,0.310700,0.007500,0.156400,1854.385528,1884.927114,5
lrsp_n018_f06_tight_s1,18,6,tight,1,ip,lp_optimal,7,42,328,81,247,0,1,0.0000,1,0.300200,0.007600,0.152900,1854.385528,1884.927114,5
lrsp_n018_f06_tight_s2,18,6,tight,2,ip,lp_optimal,8,48,508,104,404,0,1,0.0000,1,2.006700,0.010600,1.706900,1734.793421,1805.324684,5
lrsp_n018_f06_tight_s3,18,6,tight,3,dp,lp_optimal,7,42,306,73,233,0,1,0.0000,1,0.680600,0.008400,0.113100,1714.213093,1773.528921,5
lrsp_n018_f06_tight_s3,18,6,tight,3,ip,lp_optimal,7,42,306,73,233,0,1,0.0000,1,0.757100,0.012000,0.117500,1714.213093,1773.528921,5
lrsp_n019_f06_tight_s1,19,6,tight,1,ip,lp_optimal,10,60,690,114,576,0,1,0.0000,1,7.225100,0.014600,6.525700,2765.772718,2824.728846,5
lrsp_n019_f06_tight_s2,19,6,tight,2,ip,lp_optimal,7,42,505,112,393,0,1,0.0000,1,2.945800,0.011700,2.807200,1718.403344,1783.668506,5
lrsp_n019_f06_tight_s3,19,6,tight,3,ip,lp_optimal,11,66,752,114,638,0,1,0.0000,1,10.401000,0.016600,9.594700,3162.608396,3232.251767,5
lrsp_n020_f06_moderate_s1,20,6,moderate,1,ip,time_limit,3,18,408,120,288,0,1,0.0000,0,39.075600,0.011600,34.174500,1574.172545,1814.741555,4
lrsp_n020_f06_tight_s1,20,6,tight,1,dp,lp_optimal,7,42,366,85,281,0,1,0.0000,1,0.246600,0.008200,0.209900,1947.255890,1960.124286,5
lrsp_n020_f06_tight_s1,20,6,tight,1,ip,lp_optimal,7,42,366,85,281,0,1,0.0000,1,0.244000,0.007900,0.207500,1947.255890,1960.124286,5
lrsp_n020_f06_tight_s2,20,6,tight,2,ip,lp_optimal,7,42,432,102,330,0,1,0.0000,1,1.477200,0.012700,0.657800,1643.983886,1718.384488,5
lrsp_n020_f06_tight_s3,20,6,tight,3,ip,lp_optimal,6,36,413,108,305,0,1,0.0000,1,0.785800,0.011000,0.721300,1955.554225,1976.216933,5
lrsp_n021_f07_tight_s2,21,7,tight,2,ip,lp_optimal,7,49,464,113,351,0,1,0.0000,1,8.598500,0.016100,1.049600,1559.428405,1784.291738,6
lrsp_n021_f07_tight_s3,21,7,tight,3,ip,lp_optimal,8,56,532,141,391,0,1,0.0000,1,29.605400,0.014100,3.288000,1881.574403,2116.222093,6
lrsp_n022_f07_tight_s1,22,7,tight,1,ip,lp_optimal,7,49,416,136,280,0,1,0.0000,1,1.254100,0.011900,1.097900,2092.843034,2146.837978,6
lrsp_n022_f07_tight_s3,22,7,tight,3,ip,lp_optimal,7,49,436,131,305,0,1,0.0000,1,1.475400,0.009800,1.301600,1973.814713,2050.189321,6
lrsp_n023_f07_moderate_s1,23,7,moderate,1,dp,lp_optimal,9,63,652,119,533,0,1,0.0000,1,8.954900,0.027800,6.730300,1338.592918,1398.407741,4
lrsp_n023_f07_moderate_s1,23,7,moderate,1,ip,lp_optimal,9,63,652,119,533,0,1,0.0000,1,6.465300,0.022900,4.987000,1338.592918,1398.407741,4
lrsp_n023_f07_moderate_s3,23,7,moderate,3,dp,lp_optimal,9,63,494,91,403,0,1,0.0000,1,4.318800,0.017000,3.226100,1252.004904,1312.580357,4
lrsp_n023_f07_moderate_s3,23,7,moderate,3,ip,lp_optimal,9,63,494,91,403,0,1,0.0000,1,4.553800,0.018400,3.441100,1252.004904,1312.580357,4
lrsp_n023_f07_tight_s1,23,7,tight,1,dp,lp_optimal,5,35,270,72,198,0,1,0.0000,1,0.083400,0.006900,0.030700,1772.484699,1785.296345,6
lrsp_n023_f07_tight_s1,23,7,tight,1,ip,lp_optimal,5,35,270,72,198,0,1,0.0000,1,0.085000,0.007100,0.031800,1772.484699,1785.296345,6
lrsp_n023_f07_tight_s2,23,7,tight,2,ip,lp_optimal,10,70,762,160,602,0,1,0.0000,1,32.437600,0.025100,31.803300,2156.985730,2231.919362,6
lrsp_n023_f07_tight_s3,23,7,tight,3,dp,lp_optimal,4,28,180,53,127,0,1,0.0000,1,0.059700,0.006700,0.019600,1647.997672,1693.300379,6
lrsp_n023_f07_tight_s3,23,7,tight,3,ip,lp_optimal,4,28,180,53,127,0,1,0.0000,1,0.061800,0.006300,0.020900,1647.997672,1693.300379,6
lrsp_n024_f08_tight_s1,24,8,tight,1,ip,lp_optimal,9,72,626,165,461,0,1,0.0000,1,7.379900,0.008900,1.035400,2070.847722,2242.498231,6
lrsp_n024_f08_tight_s2,24,8,tight,2,ip,lp_optimal,6,48,553,172,381,0,1,0.0000,1,5.673100,0.010400,1.017700,1883.057394,2062.206940,6
lrsp_n024_f08_tight_s3,24,8,tight,3,ip,lp_optimal,8,64,612,175,437,0,1,0.0000,1,3.020000,0.010200,2.678500,2361.639965,2502.812085,6
lrsp_n025_f08_moderate_s1,25,8,moderate,1,dp,lp_optimal,11,88,876,156,720,0,1,0.0000,1,13.245200,0.014400,13.007200,1510.187820,1559.706877,5
lrsp_n025_f08_moderate_s1,25,8,moderate,1,ip,lp_optimal,11,88,876,156,720,0,1,0.0000,1,12.949500,0.014900,12.717400,1510.187820,1559.706877,5
lrsp_n025_f08_moderate_s3,25,8,moderate,3,ip,time_limit,2,16,437,181,256,0,1,0.0000,0,39.649000,0.006800,35.539200,1658.096303,1815.433793,5
lrsp_n025_f08_tight_s1,25,8,tight,1,dp,lp_optimal,7,56,389,97,292,0,1,0.0000,1,1.147900,0.005900,0.054200,1837.039189,1927.786233,6
lrsp_n025_f08_tight_s1,25,8,tight,1,ip,lp_optimal,7,56,389,97,292,0,1,0.0000,1,1.142500,0.007000,0.053700,1837.039189,1927.786233,6
lrsp_n025_f08_tight_s2,25,8,tight,2,dp,lp_optimal,8,64,528,136,392,0,1,0.0000,1,1.435700,0.008200,0.250400,1861.192086,2014.706940,6
lrsp_n025_f08_tight_s2,25,8,tight,2,ip,lp_optimal,8,64,528,136,392,0,1,0.0000,1,1.423100,0.008100,0.236500,1861.192086,2014.706940,6
lrsp_n025_f08_tight_s3,25,8,tight,3,dp,lp_optimal,7,56,433,116,317,0,1,0.0000,1,0.230300,0.007200,0.166500,1816.084847,1862.478460,6
lrsp_n025_f08_tight_s3,25,8,tight,3,ip,lp_optimal,7,56,433,116,317,0,1,0.0000,1,0.222000,0.007200,0.159500,1816.084847,1862.478460,6
lrsp_n026_f08_tight_s1,26,8,tight,1,dp,lp_optimal,6,48,550,142,408,0,1,0.0000,1,2.596400,0.007300,0.187100,2152.947193,2256.747179,6
lrsp_n026_f08_tight_s1,26,8,tight,1,ip,lp_optimal,6,48,550,142,408,0,1,0.0000,1,2.582300,0.007500,0.179500,2152.947193,2256.747179,6
lrsp_n026_f08_tight_s2,26,8,tight,2,ip,lp_optimal,7,56,617,174,443,0,1,0.0000,1,2.095100,0.007800,1.091700,1854.430353,1962.621221,6
lrsp_n026_f08_tight_s3,26,8,tight,3,ip,lp_optimal,8,64,625,197,428,0,1,0.0000,1,6.271000,0.008100,6.092700,2083.070209,2130.008136,6
lrsp_n027_f09_moderate_s2,27,9,moderate,2,ip,time_limit,3,27,640,208,432,0,1,0.0000,0,39.430900,0.007600,38.313400,1832.367235,1967.537083,5
lrsp_n027_f09_tight_s1,27,9,tight,1,ip,lp_optimal,8,72,767,208,559,0,1,0.0000,1,3.090900,0.009000,2.307200,2054.140622,2112.657085,7
lrsp_n027_f09_tight_s2,27,9,tight,2,dp,lp_optimal,6,54,561,139,422,0,1,0.0000,1,1.022800,0.007100,0.096800,2199.950003,2313.001613,7
lrsp_n027_f09_tight_s2,27,9,tight,2,ip,lp_optimal,6,54,561,139,422,0,1,0.0000,1,1.013200,0.007200,0.094700,2199.950003,2313.001613,7
lrsp_n027_f09_tight_s3,27,9,tight,3,dp,lp_optimal,7,63,405,121,284,0,1,0.0000,1,0.305300,0.005900,0.152700,2126.751507,2253.427600,7
lrsp_n027_f09_tight_s3,27,9,tight,3,ip,lp_optimal,7,63,405,121,284,0,1,0.0000,1,0.302100,0.006000,0.149900,2126.751507,2253.427600,7
lrsp_n028_f09_moderate_s2,28,9,moderate,2,dp,lp_optimal,11,99,1012,174,838,0,1,0.0000,1,16.812000,0.025700,16.129100,1557.023920,1679.199231,5
lrsp_n028_f09_moderate_s2,28,9,moderate,2,ip,lp_optimal,11,99,1012,174,838,0,1,0.0000,1,16.303300,0.027100,15.591100,1557.023920,1679.199231,5
lrsp_n028_f09_tight_s1,28,9,tight,1,ip,lp_optimal,7,63,644,230,414,0,1,0.0000,1,5.889800,0.007400,4.251300,2296.421354,2434.765273,7
lrsp_n028_f09_tight_s2,28,9,tight,2,dp,lp_optimal,6,54,417,102,315,0,1,0.0000,1,1.043800,0.005600,0.046600,2114.288807,2250.840035,7
lrsp_n028_f09_tight_s2,28,9,tight,2,ip,lp_optimal,6,54,417,102,315,0,1,0.0000,1,1.037600,0.005500,0.046600,2114.288807,2250.840035,7
lrsp_n028_f09_tight_s3,28,9,tight,3,ip,lp_optimal,9,81,741,205,536,0,1,0.0000,1,9.303900,0.011300,9.162600,2283.291822,2346.025480,7
lrsp_n029_f09_tight_s1,29,9,tight,1,dp,lp_optimal,7,63,571,179,392,0,1,0.0000,1,0.999800,0.007700,0.486100,2112.884226,2189.020376,7
lrsp_n029_f09_tight_s1,29,9,tight,1,ip,lp_optimal,7,63,571,179,392,0,1,0.0000,1,0.971600,0.007500,0.463400,2112.884226,2189.020376,7
lrsp_n029_f09_tight_s2,29,9,tight,2,dp,lp_optimal,7,63,559,147,412,0,1,0.0000,1,0.626000,0.007900,0.294300,2053.832762,2181.040860,7
lrsp_n029_f09_tight_s2,29,9,tight,2,ip,lp_optimal,7,63,559,147,412,0,1,0.0000,1,0.614200,0.008200,0.285400,2053.832762,2181.040860,7
lrsp_n029_f09_tight_s3,29,9,tight,3,ip,time_limit,1,9,402,258,144,0,1,0.0000,0,39.537500,0.003700,38.973300,2850.403680,2934.339581,7
lrsp_n030_f10_tight_s1,30,10,tight,1,ip,lp_optimal,8,80,889,285,604,0,1,0.0000,1,25.739100,0.010300,24.955400,2424.007579,2581.306833,8
lrsp_n030_f10_tight_s2,30,10,tight,2,dp,lp_optimal,8,80,711,190,521,0,1,0.0000,1,1.066900,0.010600,0.534300,2377.762223,2495.974586,8
lrsp_n030_f10_tight_s2,30,10,tight,2,ip,lp_optimal,8,80,711,190,521,0,1,0.0000,1,1.046300,0.010600,0.512600,2377.762223,2495.974586,8
lrsp_n030_f10_tight_s3,30,10,tight,3,dp,lp_optimal,6,60,501,140,361,0,1,0.0000,1,0.408300,0.007300,0.231800,2145.605509,2233.892837,8
lrsp_n030_f10_tight_s3,30,10,tight,3,ip,lp_optimal,6,60,501,140,361,0,1,0.0000,1,0.402600,0.007400,0.225800,2145.605509,2233.892837,8
