method,instance,n_customers,n_facilities,n_periods,total_time,pricing_time,master_time,iterations,columns_generated,objective,status,notes,regime,seed,root_lp_objective,phase2_pairing_columns
dp,lrsp_n005_f02_easy_s1,5,2,,0.036400,0.028700,0.003900,5,99,815.383240,lp_optimal,reached_optimality=1,easy,1,815.383240,0
ip,lrsp_n005_f02_easy_s1,5,2,,0.049800,0.042200,0.004000,5,99,815.383240,lp_optimal,reached_optimality=1,easy,1,815.383240,0
dp,lrsp_n005_f02_easy_s2,5,2,,0.035600,0.028000,0.004200,5,87,764.901398,lp_optimal,reached_optimality=1,easy,2,764.901398,0
ip,lrsp_n005_f02_easy_s2,5,2,,0.035500,0.027800,0.004500,5,87,764.901398,lp_optimal,reached_optimality=1,easy,2,764.901398,0
dp,lrsp_n005_f02_easy_s3,5,2,,0.035700,0.028800,0.004100,5,69,555.020443,lp_optimal,reached_optimality=1,easy,3,555.020443,0
ip,lrsp_n005_f02_easy_s3,5,2,,0.031800,0.025300,0.003700,5,69,555.020443,lp_optimal,reached_optimality=1,easy,3,555.020443,0
dp,lrsp_n005_f02_moderate_s1,5,2,,0.020900,0.010300,0.003600,4,69,962.552073,lp_optimal,reached_optimality=1,moderate,1,939.838047,2
ip,lrsp_n005_f02_moderate_s1,5,2,,0.035000,0.024900,0.003700,4,69,962.552073,lp_optimal,reached_optimality=1,moderate,1,939.838047,2
dp,lrsp_n005_f02_moderate_s2,5,2,,0.023300,0.014500,0.003500,4,73,839.691269,lp_optimal,reached_optimality=1,moderate,2,830.561185,2
ip,lrsp_n005_f02_moderate_s2,5,2,,0.032100,0.022000,0.004600,4,73,839.691269,lp_optimal,reached_optimality=1,moderate,2,830.561185,2
dp,lrsp_n005_f02_moderate_s3,5,2,,0.016800,0.010200,0.003600,4,69,601.230483,lp_optimal,reached_optimality=1,moderate,3,601.230483,2
ip,lrsp_n005_f02_moderate_s3,5,2,,0.022400,0.015100,0.004300,4,69,601.230483,lp_optimal,reached_optimality=1,moderate,3,601.230483,2
dp,lrsp_n005_f02_tight_s1,5,2,,0.009600,0.002900,0.003600,3,48,1597.946395,lp_optimal,reached_optimality=1,tight,1,1595.741536,0
ip,lrsp_n005_f02_tight_s1,5,2,,0.017000,0.010100,0.003800,3,48,1597.946395,lp_optimal,reached_optimality=1,tight,1,1595.741536,0
dp,lrsp_n005_f02_tight_s2,5,2,,0.015800,0.007400,0.003400,4,58,1383.580972,lp_optimal,reached_optimality=1,tight,2,1362.745437,0
ip,lrsp_n005_f02_tight_s2,5,2,,0.034200,0.024600,0.004300,4,58,1383.580972,lp_optimal,reached_optimality=1,tight,2,1362.745437,0
dp,lrsp_n005_f02_tight_s3,5,2,,0.009100,0.002900,0.004000,3,29,888.170092,lp_optimal,reached_optimality=1,tight,3,888.170092,0
ip,lrsp_n005_f02_tight_s3,5,2,,0.014700,0.008500,0.003700,3,29,888.170092,lp_optimal,reached_optimality=1,tight,3,888.170092,0
dp,lrsp_n006_f02_easy_s1,6,2,,0.662500,0.652000,0.005300,6,100,740.257882,lp_optimal,reached_optimality=1,easy,1,720.857751,2
ip,lrsp_n006_f02_easy_s1,6,2,,0.093200,0.084500,0.004700,6,100,740.257882,lp_optimal,reached_optimality=1,easy,1,720.857751,2
dp,lrsp_n006_f02_easy_s2,6,2,,0.289700,0.280400,0.004800,6,121,583.217786,lp_optimal,reached_optimality=1,easy,2,583.217786,0
ip,lrsp_n006_f02_easy_s2,6,2,,0.073500,0.065000,0.004400,6,121,583.217786,lp_optimal,reached_optimality=1,easy,2,583.217786,0
dp,lrsp_n006_f02_easy_s3,6,2,,0.637000,0.624800,0.004900,6,123,780.489880,lp_optimal,reached_optimality=1,easy,3,756.546655,2
ip,lrsp_n006_f02_easy_s3,6,2,,0.102100,0.089800,0.004300,6,123,780.489880,lp_optimal,reached_optimality=1,easy,3,756.546655,2
dp,lrsp_n006_f02_moderate_s1,6,2,,0.129600,0.122900,0.003600,4,66,816.655053,lp_optimal,reached_optimality=1,moderate,1,816.655053,1
ip,lrsp_n006_f02_moderate_s1,6,2,,0.024500,0.018500,0.003500,4,66,816.655053,lp_optimal,reached_optimality=1,moderate,1,816.655053,1
dp,lrsp_n006_f02_moderate_s2,6,2,,0.065800,0.059000,0.003800,4,80,645.732244,lp_optimal,reached_optimality=1,moderate,2,645.732244,0
ip,lrsp_n006_f02_moderate_s2,6,2,,0.021700,0.015100,0.003700,4,80,645.732244,lp_optimal,reached_optimality=1,moderate,2,645.732244,0
dp,lrsp_n006_f02_moderate_s3,6,2,,0.271500,0.264200,0.003800,5,96,814.288517,lp_optimal,reached_optimality=1,moderate,3,814.288517,2
ip,lrsp_n006_f02_moderate_s3,6,2,,0.042600,0.035500,0.003800,5,96,814.288517,lp_optimal,reached_optimality=1,moderate,3,814.288517,2
dp,lrsp_n006_f02_tight_s1,6,2,,0.018200,0.011700,0.003900,3,47,1328.409345,lp_optimal,reached_optimality=1,tight,1,1301.041192,0
ip,lrsp_n006_f02_tight_s1,6,2,,0.016900,0.009500,0.004100,3,47,1328.409345,lp_optimal,reached_optimality=1,tight,1,1301.041192,0
dp,lrsp_n006_f02_tight_s2,6,2,,0.007900,0.000500,0.003800,2,28,961.045475,lp_optimal,reached_optimality=1,tight,2,932.578555,0
ip,lrsp_n006_f02_tight_s2,6,2,,0.007800,0.000500,0.003800,2,28,961.045475,lp_optimal,reached_optimality=1,tight,2,932.578555,0
dp,lrsp_n006_f02_tight_s3,6,2,,0.041000,0.033200,0.004100,4,57,1378.811440,lp_optimal,reached_optimality=1,tight,3,1374.694261,0
ip,lrsp_n006_f02_tight_s3,6,2,,0.020700,0.012800,0.004400,4,57,1378.811440,lp_optimal,reached_optimality=1,tight,3,1374.694261,0
dp,lrsp_n007_f02_easy_s1,7,2,,25.499400,25.477600,0.008000,9,145,750.214877,lp_optimal,reached_optimality=1,easy,1,716.685933,2
ip,lrsp_n007_f02_easy_s1,7,2,,0.528500,0.510500,0.006900,8,146,750.214877,lp_optimal,reached_optimality=1,easy,1,716.685933,2
dp,lrsp_n007_f02_easy_s2,7,2,,16.409700,16.395400,0.005600,7,123,787.824304,lp_optimal,reached_optimality=1,easy,2,746.681146,2
ip,lrsp_n007_f02_easy_s2,7,2,,0.502800,0.487200,0.006000,7,123,787.824304,lp_optimal,reached_optimality=1,easy,2,746.681146,2
dp,lrsp_n007_f02_easy_s3,7,2,,17.412400,17.396300,0.006400,6,137,961.352764,lp_optimal,reached_optimality=1,easy,3,946.880828,2
ip,lrsp_n007_f02_easy_s3,7,2,,0.336500,0.322600,0.005400,6,137,961.352764,lp_optimal,reached_optimality=1,easy,3,946.880828,2
dp,lrsp_n007_f02_moderate_s1,7,2,,7.039800,7.025900,0.005200,7,126,888.767843,lp_optimal,reached_optimality=1,moderate,1,831.816691,0
ip,lrsp_n007_f02_moderate_s1,7,2,,0.111900,0.099000,0.005400,7,126,888.767843,lp_optimal,reached_optimality=1,moderate,1,831.816691,0
dp,lrsp_n007_f02_moderate_s2,7,2,,9.050100,9.038900,0.006300,7,149,823.916555,lp_optimal,reached_optimality=1,moderate,2,823.916555,0
ip,lrsp_n007_f02_moderate_s2,7,2,,0.115400,0.105800,0.005100,7,149,823.916555,lp_optimal,reached_optimality=1,moderate,2,823.916555,0
dp,lrsp_n007_f02_moderate_s3,7,2,,4.522600,4.507900,0.005000,5,110,1138.916863,lp_optimal,reached_optimality=1,moderate,3,1090.605556,0
ip,lrsp_n007_f02_moderate_s3,7,2,,0.092000,0.079200,0.004100,5,110,1138.916863,lp_optimal,reached_optimality=1,moderate,3,1090.605556,0
dp,lrsp_n007_f02_tight_s1,7,2,,0.242100,0.234600,0.003900,5,82,1207.368395,lp_optimal,reached_optimality=1,tight,1,1207.368395,0
ip,lrsp_n007_f02_tight_s1,7,2,,0.021800,0.015100,0.003900,5,82,1207.368395,lp_optimal,reached_optimality=1,tight,1,1207.368395,0
dp,lrsp_n007_f02_tight_s2,7,2,,0.637500,0.629400,0.004100,5,73,1280.941849,lp_optimal,reached_optimality=1,tight,2,1271.649258,0
ip,lrsp_n007_f02_tight_s2,7,2,,0.023800,0.016400,0.003900,5,73,1280.941849,lp_optimal,reached_optimality=1,tight,2,1271.649258,0
dp,lrsp_n007_f02_tight_s3,7,2,,0.288100,0.281500,0.003500,4,60,1775.047301,lp_optimal,reached_optimality=1,tight,3,1775.047301,0
ip,lrsp_n007_f02_tight_s3,7,2,,0.021400,0.015400,0.003500,4,60,1775.047301,lp_optimal,reached_optimality=1,tight,3,1775.047301,0
ip,lrsp_n008_f02_easy_s1,8,2,,1.272200,1.257700,0.005700,8,133,943.297575,lp_optimal,reached_optimality=1,easy,1,903.457946,2
dp,lrsp_n008_f02_easy_s2,8,2,,475.873100,475.854600,0.008800,6,157,778.943466,lp_optimal,reached_optimality=1,easy,2,754.999626,2
ip,lrsp_n008_f02_easy_s2,8,2,,1.422000,1.406300,0.005500,6,157,778.943466,lp_optimal,reached_optimality=1,easy,2,754.999626,2
dp,lrsp_n008_f02_easy_s3,8,2,,487.783500,487.769300,0.006800,8,173,807.954734,lp_optimal,reached_optimality=1,easy,3,807.954734,2
ip,lrsp_n008_f02_easy_s3,8,2,,1.103300,1.091500,0.006100,8,173,807.954734,lp_optimal,reached_optimality=1,easy,3,807.954734,2
dp,lrsp_n008_f02_moderate_s1,8,2,,267.363200,267.349500,0.008600,7,151,1047.109269,lp_optimal,reached_optimality=1,moderate,1,1047.109269,2
ip,lrsp_n008_f02_moderate_s1,8,2,,0.180200,0.170700,0.005100,8,146,1047.109269,lp_optimal,reached_optimality=1,moderate,1,1047.109269,1
dp,lrsp_n008_f02_moderate_s2,8,2,,368.632500,368.621400,0.006000,7,145,832.041328,lp_optimal,reached_optimality=1,moderate,2,832.041328,0
ip,lrsp_n008_f02_moderate_s2,8,2,,0.367500,0.356800,0.005300,7,145,832.041328,lp_optimal,reached_optimality=1,moderate,2,832.041328,0
dp,lrsp_n008_f02_moderate_s3,8,2,,206.330500,206.316400,0.006400,6,140,955.703586,lp_optimal,reached_optimality=1,moderate,3,914.000707,0
ip,lrsp_n008_f02_moderate_s3,8,2,,0.152500,0.141300,0.004700,6,140,955.703586,lp_optimal,reached_optimality=1,moderate,3,914.000707,0
dp,lrsp_n008_f02_tight_s1,8,2,,6.149400,6.140600,0.004600,6,88,1650.541539,lp_optimal,reached_optimality=1,tight,1,1649.515591,0
ip,lrsp_n008_f02_tight_s1,8,2,,0.030800,0.021900,0.005300,6,88,1650.541539,lp_optimal,reached_optimality=1,tight,1,1649.515591,0
dp,lrsp_n008_f02_tight_s2,8,2,,15.935400,15.926700,0.004500,5,97,1274.684591,lp_optimal,reached_optimality=1,tight,2,1274.684591,0
ip,lrsp_n008_f02_tight_s2,8,2,,0.033200,0.025700,0.004300,5,97,1274.684591,lp_optimal,reached_optimality=1,tight,2,1274.684591,0
dp,lrsp_n008_f02_tight_s3,8,2,,8.358700,8.349200,0.004200,5,76,1446.494172,lp_optimal,reached_optimality=1,tight,3,1422.824244,0
ip,lrsp_n008_f02_tight_s3,8,2,,0.023100,0.014700,0.003600,5,76,1446.494172,lp_optimal,reached_optimality=1,tight,3,1422.824244,0
ip,lrsp_n009_f03_easy_s1,9,3,,4.451600,4.431000,0.009800,11,340,657.158292,lp_optimal,reached_optimality=1,easy,1,657.158292,3
ip,lrsp_n009_f03_easy_s2,9,3,,10.383500,10.350700,0.008600,10,302,680.907332,lp_optimal,reached_optimality=1,easy,2,646.755153,3
ip,lrsp_n009_f03_easy_s3,9,3,,4.981400,4.953900,0.009200,10,301,765.495990,lp_optimal,reached_optimality=1,easy,3,752.900704,3
ip,lrsp_n009_f03_moderate_s1,9,3,,0.342500,0.331000,0.005500,7,182,989.589767,lp_optimal,reached_optimality=1,moderate,1,984.274907,0
ip,lrsp_n009_f03_moderate_s2,9,3,,0.742600,0.729800,0.005200,6,197,1001.357593,lp_optimal,reached_optimality=1,moderate,2,972.727933,0
ip,lrsp_n009_f03_moderate_s3,9,3,,0.413000,0.278900,0.005000,6,192,1200.491571,lp_optimal,reached_optimality=1,moderate,3,1139.495361,0
dp,lrsp_n009_f03_tight_s1,9,3,,31.878900,31.869800,0.004200,4,106,1366.730211,lp_optimal,reached_optimality=1,tight,1,1359.215127,0
ip,lrsp_n009_f03_tight_s1,9,3,,0.031000,0.022600,0.004100,4,106,1366.730211,lp_optimal,reached_optimality=1,tight,1,1359.215127,0
dp,lrsp_n009_f03_tight_s2,9,3,,131.108300,131.098800,0.004700,4,111,1369.282981,lp_optimal,reached_optimality=1,tight,2,1359.582735,0
ip,lrsp_n009_f03_tight_s2,9,3,,0.038900,0.028600,0.006300,4,111,1369.282981,lp_optimal,reached_optimality=1,tight,2,1359.582735,0
dp,lrsp_n009_f03_tight_s3,9,3,,214.080800,214.069800,0.004200,4,93,1517.968289,lp_optimal,reached_optimality=1,tight,3,1512.148786,0
ip,lrsp_n009_f03_tight_s3,9,3,,0.031000,0.021400,0.003700,4,93,1517.968289,lp_optimal,reached_optimality=1,tight,3,1512.148786,0
ip,lrsp_n010_f03_easy_s1,10,3,,14.882500,14.866200,0.007200,11,365,719.199554,lp_optimal,reached_optimality=1,easy,1,719.199554,3
ip,lrsp_n010_f03_easy_s2,10,3,,34.563700,34.535500,0.010800,12,418,899.512180,lp_optimal,reached_optimality=1,easy,2,852.613272,3
ip,lrsp_n010_f03_easy_s3,10,3,,9.511000,9.498700,0.006100,10,302,815.121385,lp_optimal,reached_optimality=1,easy,3,815.121385,3
ip,lrsp_n010_f03_moderate_s1,10,3,,0.616400,0.608200,0.003900,8,254,1149.825276,lp_optimal,reached_optimality=1,moderate,1,1140.010978,1
ip,lrsp_n010_f03_moderate_s2,10,3,,3.071000,3.020800,0.005000,8,289,1442.861816,lp_optimal,reached_optimality=1,moderate,2,1397.602617,0
ip,lrsp_n010_f03_moderate_s3,10,3,,0.548000,0.533700,0.003600,7,215,1322.917485,lp_optimal,reached_optimality=1,moderate,3,1285.330603,0
ip,lrsp_n010_f03_tight_s1,10,3,,0.055200,0.046300,0.002900,6,148,1670.267056,lp_optimal,reached_optimality=1,tight,1,1647.759741,0
ip,lrsp_n010_f03_tight_s2,10,3,,0.157900,0.148900,0.003900,8,221,1973.666963,lp_optimal,reached_optimality=1,tight,2,1971.433985,0
ip,lrsp_n010_f03_tight_s3,10,3,,0.034500,0.028400,0.003100,5,151,1804.882336,lp_optimal,reached_optimality=1,tight,3,1801.205049,0
ip,lrsp_n011_f03_easy_s1,11,3,,51.509700,51.491400,0.008000,13,453,857.480674,lp_optimal,reached_optimality=1,easy,1,857.480674,4
ip,lrsp_n011_f03_easy_s2,11,3,,121.943100,121.911900,0.009900,13,492,715.626354,lp_optimal,reached_optimality=1,easy,2,703.075625,3
ip,lrsp_n011_f03_easy_s3,11,3,,43.176900,43.159600,0.008000,13,429,826.917581,lp_optimal,reached_optimality=1,easy,3,826.917581,3
ip,lrsp_n011_f03_moderate_s1,11,3,,1.437000,1.425000,0.005600,11,371,1332.979279,lp_optimal,reached_optimality=1,moderate,1,1332.979279,0
ip,lrsp_n011_f03_moderate_s2,11,3,,5.246100,5.214600,0.005200,8,277,1141.565316,lp_optimal,reached_optimality=1,moderate,2,1061.264289,0
ip,lrsp_n011_f03_moderate_s3,11,3,,1.166200,1.053800,0.004900,8,270,1401.888868,lp_optimal,reached_optimality=1,moderate,3,1336.847110,0
ip,lrsp_n011_f03_tight_s1,11,3,,0.063600,0.056600,0.003300,7,170,1955.729143,lp_optimal,reached_optimality=1,tight,1,1911.972101,0
ip,lrsp_n011_f03_tight_s2,11,3,,0.094500,0.088400,0.003100,5,152,1452.930987,lp_optimal,reached_optimality=1,tight,2,1451.700016,0
ip,lrsp_n011_f03_tight_s3,11,3,,0.049500,0.042500,0.003000,6,197,1845.752926,lp_optimal,reached_optimality=1,tight,3,1841.153035,0
ip,lrsp_n012_f04_easy_s1,12,4,,120.786800,120.748200,0.007100,10,505,986.501055,lp_optimal,reached_optimality=1,easy,1,938.472595,1
ip,lrsp_n012_f04_easy_s2,12,4,,349.941200,349.888400,0.010800,12,587,888.397098,lp_optimal,reached_optimality=1,easy,2,866.410429,4
ip,lrsp_n012_f04_easy_s3,12,4,,149.367300,149.338000,0.008100,11,526,1162.170330,lp_optimal,reached_optimality=1,easy,3,1151.903834,3
ip,lrsp_n012_f04_moderate_s1,12,4,,2.544900,1.404600,0.005200,8,372,1171.489489,lp_optimal,reached_optimality=1,moderate,1,1058.094215,0
ip,lrsp_n012_f04_moderate_s2,12,4,,11.742900,9.709100,0.008800,12,472,1184.953083,lp_optimal,reached_optimality=1,moderate,2,961.543128,0
ip,lrsp_n012_f04_moderate_s3,12,4,,2.661600,2.416300,0.006000,9,441,1427.855133,lp_optimal,reached_optimality=1,moderate,3,1267.417474,0
ip,lrsp_n012_f04_tight_s1,12,4,,0.656100,0.021000,0.003100,5,164,1665.115667,lp_optimal,reached_optimality=1,tight,1,1460.016491,0
ip,lrsp_n012_f04_tight_s2,12,4,,0.229900,0.143300,0.003300,6,209,1395.946072,lp_optimal,reached_optimality=1,tight,2,1249.021520,0
ip,lrsp_n012_f04_tight_s3,12,4,,0.106400,0.070500,0.003300,6,199,1852.543772,lp_optimal,reached_optimality=1,tight,3,1792.999674,0
ip,lrsp_n013_f04_easy_s1,13,4,,536.206200,536.107600,0.008300,13,613,1066.916488,lp_optimal,reached_optimality=1,easy,1,1022.457651,2
ip,lrsp_n013_f04_moderate_s1,13,4,,6.628500,5.032100,0.005600,9,483,1428.677079,lp_optimal,reached_optimality=1,moderate,1,1133.993097,0
ip,lrsp_n013_f04_moderate_s2,13,4,,30.430200,28.739100,0.007000,10,443,1134.436445,lp_optimal,reached_optimality=1,moderate,2,903.781308,0
ip,lrsp_n013_f04_moderate_s3,13,4,,10.283500,9.330500,0.006600,11,496,1739.735130,lp_optimal,reached_optimality=1,moderate,3,1422.867004,0
ip,lrsp_n013_f04_tight_s1,13,4,,0.356700,0.153400,0.003600,6,272,1752.714932,lp_optimal,reached_optimality=1,tight,1,1655.156746,0
ip,lrsp_n013_f04_tight_s2,13,4,,0.251100,0.230900,0.003400,6,247,1275.412208,lp_optimal,reached_optimality=1,tight,2,1249.472041,0
ip,lrsp_n013_f04_tight_s3,13,4,,0.260000,0.080000,0.003000,6,218,2125.101026,lp_optimal,reached_optimality=1,tight,3,2003.826724,0
ip,lrsp_n014_f04_moderate_s1,14,4,,9.564000,9.535700,0.007400,11,501,1273.325885,lp_optimal,reached_optimality=1,moderate,1,1262.547736,0
ip,lrsp_n014_f04_moderate_s2,14,4,,122.153000,122.108400,0.007800,12,567,1613.609090,lp_optimal,reached_optimality=1,moderate,2,1579.413018,0
ip,lrsp_n014_f04_moderate_s3,14,4,,16.285800,16.258100,0.007300,10,476,1213.928254,lp_optimal,reached_optimality=1,moderate,3,1197.476360,0
ip,lrsp_n014_f04_tight_s1,14,4,,0.337200,0.300600,0.003400,7,258,1836.886150,lp_optimal,reached_optimality=1,tight,1,1783.636416,0
ip,lrsp_n014_f04_tight_s2,14,4,,1.415800,1.361800,0.005100,8,367,1834.433381,lp_optimal,reached_optimality=1,tight,2,1765.226410,0
ip,lrsp_n014_f04_tight_s3,14,4,,0.534000,0.213300,0.003700,6,287,1702.311078,lp_optimal,reached_optimality=1,tight,3,1606.931800,0
ip,lrsp_n015_f05_moderate_s1,15,5,,10.786100,10.763600,0.005000,9,497,1527.999118,lp_optimal,reached_optimality=1,moderate,1,1512.285319,0
ip,lrsp_n015_f05_moderate_s2,15,5,,187.855600,187.543200,0.007500,10,597,1277.690108,lp_optimal,reached_optimality=1,moderate,2,1213.397366,0
ip,lrsp_n015_f05_moderate_s3,15,5,,14.643300,14.468300,0.008000,9,550,1459.490517,lp_optimal,reached_optimality=1,moderate,3,1404.397511,0
ip,lrsp_n015_f05_tight_s1,15,5,,0.133800,0.109100,0.003600,7,309,2068.470420,lp_optimal,reached_optimality=1,tight,1,2019.543160,0
ip,lrsp_n015_f05_tight_s2,15,5,,1.243300,1.051500,0.004500,7,333,1644.692080,lp_optimal,reached_optimality=1,tight,2,1579.341737,0
ip,lrsp_n015_f05_tight_s3,15,5,,0.149600,0.143400,0.003100,5,248,1778.325617,lp_optimal,reached_optimality=1,tight,3,1778.325617,0
ip,lrsp_n016_f05_moderate_s1,16,5,,33.511800,33.475800,0.005900,9,485,1881.043450,lp_optimal,reached_optimality=1,moderate,1,1845.830839,0
ip,lrsp_n016_f05_moderate_s2,16,5,,225.040200,224.785400,0.010800,11,712,1511.280614,lp_optimal,reached_optimality=1,moderate,2,1407.709096,0
ip,lrsp_n016_f05_moderate_s3,16,5,,20.575300,20.294800,0.007100,10,497,1322.325585,lp_optimal,reached_optimality=1,moderate,3,1250.722646,0
ip,lrsp_n016_f05_tight_s1,16,5,,1.705100,1.456000,0.005200,9,474,2548.336117,lp_optimal,reached_optimality=1,tight,1,2446.377086,0
ip,lrsp_n016_f05_tight_s2,16,5,,0.487600,0.292600,0.004500,7,345,1972.181610,lp_optimal,reached_optimality=1,tight,2,1859.655665,0
ip,lrsp_n016_f05_tight_s3,16,5,,0.285700,0.151000,0.003800,6,278,1628.674172,lp_optimal,reached_optimality=1,tight,3,1584.498424,0
ip,lrsp_n017_f05_moderate_s1,17,5,,18.486400,18.457700,0.007100,8,500,1441.447486,lp_optimal,reached_optimality=1,moderate,1,1434.144632,0
ip,lrsp_n017_f05_moderate_s2,17,5,,205.069600,204.839400,0.010400,11,630,1341.061843,lp_optimal,reached_optimality=1,moderate,2,1248.805087,0
ip,lrsp_n017_f05_moderate_s3,17,5,,47.220000,47.150000,0.006800,10,550,1404.033696,lp_optimal,reached_optimality=1,moderate,3,1364.419845,0
ip,lrsp_n017_f05_tight_s1,17,5,,0.086000,0.069300,0.004200,6,306,1872.976524,lp_optimal,reached_optimality=1,tight,1,1860.224440,0
ip,lrsp_n017_f05_tight_s2,17,5,,0.434900,0.265200,0.005000,7,333,1683.271611,lp_optimal,reached_optimality=1,tight,2,1601.308408,0
ip,lrsp_n017_f05_tight_s3,17,5,,0.440200,0.399000,0.004000,7,355,1773.946003,lp_optimal,reached_optimality=1,tight,3,1758.178676,0
ip,lrsp_n018_f06_moderate_s1,18,6,,16.133000,13.812700,0.010100,9,598,1513.180477,lp_optimal,reached_optimality=1,moderate,1,1358.002022,0
ip,lrsp_n018_f06_moderate_s2,18,6,,396.167000,396.137100,0.007800,10,713,1406.945447,lp_optimal,reached_optimality=1,moderate,2,1387.123742,0
ip,lrsp_n018_f06_moderate_s3,18,6,,13.504300,9.175800,0.011000,10,647,1436.237433,lp_optimal,reached_optimality=1,moderate,3,1233.222670,0
ip,lrsp_n018_f06_tight_s1,18,6,,0.153800,0.077400,0.003800,7,328,1884.927114,lp_optimal,reached_optimality=1,tight,1,1854.385528,0
ip,lrsp_n018_f06_tight_s2,18,6,,1.077500,0.915700,0.005200,8,508,1805.324684,lp_optimal,reached_optimality=1,tight,2,1734.793421,0
ip,lrsp_n018_f06_tight_s3,18,6,,0.346300,0.054600,0.004200,7,306,1773.528921,lp_optimal,reached_optimality=1,tight,3,1714.213093,0
ip,lrsp_n019_f06_moderate_s1,19,6,,236.836100,236.763600,0.010600,14,1022,2176.034077,lp_optimal,reached_optimality=1,moderate,1,2128.486027,0
ip,lrsp_n019_f06_moderate_s3,19,6,,608.751100,607.306600,0.020500,15,1160,2404.485883,lp_optimal,reached_optimality=1,moderate,3,2104.878944,0
ip,lrsp_n019_f06_tight_s1,19,6,,3.499400,3.131000,0.007600,10,690,2824.728846,lp_optimal,reached_optimality=1,tight,1,2765.772718,0
ip,lrsp_n019_f06_tight_s2,19,6,,1.452900,1.381200,0.005700,7,505,1783.668506,lp_optimal,reached_optimality=1,tight,2,1718.403344,0
ip,lrsp_n019_f06_tight_s3,19,6,,5.067300,4.656300,0.008200,11,752,3232.251767,lp_optimal,reached_optimality=1,tight,3,3162.608396,0
ip,lrsp_n020_f06_moderate_s1,20,6,,43.399400,37.675300,0.012900,10,722,1640.275024,lp_optimal,reached_optimality=1,moderate,1,1405.879217,0
ip,lrsp_n020_f06_moderate_s2,20,6,,310.707600,307.142600,0.017400,12,851,1380.071630,lp_optimal,reached_optimality=1,moderate,2,1171.258037,0
ip,lrsp_n020_f06_moderate_s3,20,6,,125.513500,125.442800,0.009000,9,654,1607.696291,lp_optimal,reached_optimality=1,moderate,3,1595.980714,0
ip,lrsp_n020_f06_tight_s1,20,6,,0.117100,0.098600,0.004000,7,366,1960.124286,lp_optimal,reached_optimality=1,tight,1,1947.255890,0
ip,lrsp_n020_f06_tight_s2,20,6,,0.652600,0.302000,0.005700,7,432,1718.384488,lp_optimal,reached_optimality=1,tight,2,1643.983886,0
ip,lrsp_n020_f06_tight_s3,20,6,,0.374200,0.340500,0.005000,6,413,1976.216933,lp_optimal,reached_optimality=1,tight,3,1955.554225,0
ip,lrsp_n021_f07_moderate_s1,21,7,,358.947500,358.813200,0.011800,11,832,1827.601273,lp_optimal,reached_optimality=1,moderate,1,1743.819891,0
ip,lrsp_n021_f07_moderate_s2,21,7,,352.781100,352.647500,0.011000,10,849,1297.941093,lp_optimal,reached_optimality=1,moderate,2,1229.350137,0
ip,lrsp_n021_f07_moderate_s3,21,7,,525.874200,524.960700,0.011300,10,790,1584.063165,lp_optimal,reached_optimality=1,moderate,3,1523.190221,0
ip,lrsp_n021_f07_tight_s1,21,7,,58.691400,2.693800,0.009400,9,686,2504.700639,lp_optimal,reached_optimality=1,tight,1,2203.270232,0
ip,lrsp_n021_f07_tight_s2,21,7,,4.097800,0.423300,0.006400,7,464,1784.291738,lp_optimal,reached_optimality=1,tight,2,1559.428405,0
ip,lrsp_n021_f07_tight_s3,21,7,,15.073400,1.585000,0.007400,8,532,2116.222093,lp_optimal,reached_optimality=1,tight,3,1881.574403,0
ip,lrsp_n022_f07_moderate_s1,22,7,,136.712700,136.652300,0.008900,9,652,1558.256099,lp_optimal,reached_optimality=1,moderate,1,1534.896442,0
ip,lrsp_n022_f07_moderate_s2,22,7,,461.011400,460.872700,0.015100,12,926,1468.448324,lp_optimal,reached_optimality=1,moderate,2,1366.414531,0
ip,lrsp_n022_f07_moderate_s3,22,7,,337.802900,337.673200,0.014700,13,1061,1514.431020,lp_optimal,reached_optimality=1,moderate,3,1467.909628,0
ip,lrsp_n022_f07_tight_s1,22,7,,0.572900,0.502400,0.005100,7,416,2146.837978,lp_optimal,reached_optimality=1,tight,1,2092.843034,0
ip,lrsp_n022_f07_tight_s2,22,7,,22.781500,0.510000,0.007300,8,547,1973.130608,lp_optimal,reached_optimality=1,tight,2,1717.453324,0
ip,lrsp_n022_f07_tight_s3,22,7,,0.687100,0.606000,0.004700,7,436,2050.189321,lp_optimal,reached_optimality=1,tight,3,1973.814713,0
ip,lrsp_n023_f07_moderate_s1,23,7,,3.216000,2.363500,0.012000,9,652,1398.407741,lp_optimal,reached_optimality=1,moderate,1,1338.592918,0
ip,lrsp_n023_f07_moderate_s3,23,7,,2.205000,1.593300,0.009400,9,494,1312.580357,lp_optimal,reached_optimality=1,moderate,3,1252.004904,0
ip,lrsp_n023_f07_tight_s1,23,7,,0.046400,0.018000,0.003600,5,270,1785.296345,lp_optimal,reached_optimality=1,tight,1,1772.484699,0
ip,lrsp_n023_f07_tight_s2,23,7,,11.520600,11.294000,0.009200,10,762,2231.919362,lp_optimal,reached_optimality=1,tight,2,2156.985730,0
ip,lrsp_n023_f07_tight_s3,23,7,,0.030600,0.009900,0.003200,4,180,1693.300379,lp_optimal,reached_optimality=1,tight,3,1647.997672,0
ip,lrsp_n024_f08_moderate_s1,24,8,,499.332200,496.364700,0.020000,12,1019,1744.866409,lp_optimal,reached_optimality=1,moderate,1,1578.592457,0
ip,lrsp_n024_f08_tight_s1,24,8,,6.976700,0.911600,0.008700,9,626,2242.498231,lp_optimal,reached_optimality=1,tight,1,2070.847722,0
ip,lrsp_n024_f08_tight_s2,24,8,,4.813700,0.843700,0.007200,6,553,2062.206940,lp_optimal,reached_optimality=1,tight,2,1883.057394,0
ip,lrsp_n024_f08_tight_s3,24,8,,2.825300,2.484600,0.009600,8,612,2502.812085,lp_optimal,reached_optimality=1,tight,3,2361.639965,0
ip,lrsp_n025_f08_moderate_s1,25,8,,11.052000,10.835100,0.014200,11,876,1559.706877,lp_optimal,reached_optimality=1,moderate,1,1510.187820,0
ip,lrsp_n025_f08_moderate_s2,25,8,,167.284500,166.904400,0.014900,10,916,1608.763260,lp_optimal,reached_optimality=1,moderate,2,1521.314314,0
ip,lrsp_n025_f08_moderate_s3,25,8,,109.539600,102.825400,0.022200,11,1054,1566.554459,lp_optimal,reached_optimality=1,moderate,3,1387.961118,0
ip,lrsp_n025_f08_tight_s1,25,8,,1.018700,0.049300,0.004800,7,389,1927.786233,lp_optimal,reached_optimality=1,tight,1,1837.039189,0
ip,lrsp_n025_f08_tight_s2,25,8,,1.259500,0.216100,0.006900,8,528,2014.706940,lp_optimal,reached_optimality=1,tight,2,1861.192086,0
ip,lrsp_n025_f08_tight_s3,25,8,,0.199300,0.144400,0.005800,7,433,1862.478460,lp_optimal,reached_optimality=1,tight,3,1816.084847,0
ip,lrsp_n026_f08_moderate_s1,26,8,,202.332700,191.162600,0.020300,10,964,1841.541902,lp_optimal,reached_optimality=1,moderate,1,1612.002927,0
ip,lrsp_n026_f08_tight_s1,26,8,,2.659100,0.174800,0.007700,6,550,2256.747179,lp_optimal,reached_optimality=1,tight,1,2152.947193,0
ip,lrsp_n026_f08_tight_s2,26,8,,1.810100,0.946200,0.007700,7,617,1962.621221,lp_optimal,reached_optimality=1,tight,2,1854.430353,0
ip,lrsp_n026_f08_tight_s3,26,8,,5.546600,5.388700,0.007600,8,625,2130.008136,lp_optimal,reached_optimality=1,tight,3,2083.070209,0
ip,lrsp_n027_f09_moderate_s2,27,9,,84.073300,83.524000,0.018800,11,1120,1757.700837,lp_optimal,reached_optimality=1,moderate,2,1624.239136,0
ip,lrsp_n027_f09_moderate_s3,27,9,,111.493400,111.145000,0.024100,12,1161,1738.132227,lp_optimal,reached_optimality=1,moderate,3,1647.907453,0
ip,lrsp_n027_f09_tight_s1,27,9,,2.922600,2.137500,0.009000,8,767,2112.657085,lp_optimal,reached_optimality=1,tight,1,2054.140622,0
ip,lrsp_n027_f09_tight_s2,27,9,,1.040700,0.092000,0.007000,6,561,2313.001613,lp_optimal,reached_optimality=1,tight,2,2199.950003,0
ip,lrsp_n027_f09_tight_s3,27,9,,0.305100,0.144400,0.006100,7,405,2253.427600,lp_optimal,reached_optimality=1,tight,3,2126.751507,0
ip,lrsp_n028_f09_tight_s1,28,9,,5.390000,3.817600,0.007400,7,644,2434.765273,lp_optimal,reached_optimality=1,tight,1,2296.421354,0
ip,lrsp_n028_f09_tight_s2,28,9,,1.019300,0.044400,0.005600,6,417,2250.840035,lp_optimal,reached_optimality=1,tight,2,2114.288807,0
ip,lrsp_n028_f09_tight_s3,28,9,,8.046400,7.917400,0.010500,9,741,2346.025480,lp_optimal,reached_optimality=1,tight,3,2283.291822,0
ip,lrsp_n029_f09_tight_s1,29,9,,0.958600,0.458300,0.007700,7,571,2189.020376,lp_optimal,reached_optimality=1,tight,1,2112.884226,0
ip,lrsp_n029_f09_tight_s2,29,9,,0.629600,0.288100,0.008600,7,559,2181.040860,lp_optimal,reached_optimality=1,tight,2,2053.832762,0
ip,lrsp_n029_f09_tight_s3,29,9,,155.022500,150.235200,0.015000,11,1234,2534.511954,lp_optimal,reached_optimality=1,tight,3,2414.352679,0
ip,lrsp_n030_f10_tight_s1,30,10,,25.603000,24.832600,0.011200,8,889,2581.306833,lp_optimal,reached_optimality=1,tight,1,2424.007579,0
ip,lrsp_n030_f10_tight_s2,30,10,,1.034600,0.507700,0.010600,8,711,2495.974586,lp_optimal,reached_optimality=1,tight,2,2377.762223,0
ip,lrsp_n030_f10_tight_s3,30,10,,0.393600,0.221100,0.007200,6,501,2233.892837,lp_optimal,reached_optimality=1,tight,3,2145.605509,0
