instance,n,f,regime,seed,bv_factor,bf_factor,gt_factor,total_demand,mean_demand,max_demand,std_demand,vehicle_capacity,vehicle_time_limit,vehicle_fixed_cost,mean_cust_nearest_fac_dist,max_cust_nearest_fac_dist,mean_cust_cust_dist,demand_to_capacity_ratio,max_singleton_round_trip,avg_singleton_round_trip,gt_slack,bv_slack,dp_completed,dp_total_seconds,dp_master_seconds,dp_pricing_seconds,dp_iterations,dp_pricing_calls,dp_total_columns,dp_phase1_route_columns,dp_phase2_pairing_columns,dp_max_routes_per_column,dp_avg_pool_per_call,dp_root_lp,dp_integer,ip_completed,ip_total_seconds,ip_master_seconds,ip_pricing_seconds,ip_iterations,ip_pricing_calls,ip_total_columns,ip_phase1_route_columns,ip_phase2_pairing_columns,ip_max_routes_per_column,ip_avg_pool_per_call,ip_root_lp,ip_integer,winner,dp_useful,ip_useful,speedup_ip_over_dp,log_speedup,avg_pool_per_call
lrsp_n005_f02_easy_s1,5,2,easy,1,4.0,3.0,4.0,110.0,22.0,30.0,9.757048734120374,120.0,571.977777831438,53.263033,53.26303298972083,71.49722222892974,43.37091211839273,0.3333333333333333,142.9944444578595,106.52606597944165,4.0,4.0,1,0.038000,0.005900,0.022000,5,10,99,89,0,1,9.9000,815.383240,815.383240,1,0.051700,0.003500,0.045300,5,10,99,89,0,1,9.9000,815.383240,815.383240,dp,1,0,0.735010,-0.1337,9.9000
lrsp_n005_f02_easy_s2,5,2,easy,2,4.0,3.0,4.0,54.0,10.8,18.0,4.664761515876241,72.0,562.8443505413995,46.866404,46.86640395521995,70.35554381767494,62.89314755439856,0.3333333333333333,140.71108763534988,93.7328079104399,4.0,4.0,1,0.026600,0.002500,0.015900,5,10,87,77,0,1,8.7000,764.901398,764.901398,1,0.024800,0.006900,0.016000,5,10,87,77,0,1,8.7000,764.901398,764.901398,ip,0,1,1.072581,0.0304,8.7000
lrsp_n005_f02_easy_s3,5,2,easy,3,4.0,3.0,4.0,106.0,21.2,27.0,3.655133376499413,108.0,517.7852745703859,27.650176,27.65017643795992,64.72315932129824,60.14073235790672,0.3333333333333333,129.44631864259648,55.30035287591984,4.0,4.0,1,0.019300,0.002200,0.015400,5,10,69,59,0,1,6.9000,555.020443,555.020443,1,0.022100,0.002300,0.018000,5,10,69,59,0,1,6.9000,555.020443,555.020443,dp,1,0,0.873303,-0.0588,6.9000
lrsp_n005_f02_moderate_s1,5,2,moderate,1,2.5,2.0,2.5,110.0,22.0,30.0,9.757048734120374,75.0,357.4861111446487,53.263033,53.26303298972083,71.49722222892974,43.37091211839273,0.5,142.9944444578595,106.52606597944165,2.5,2.5,1,0.016600,0.002100,0.006300,4,8,69,57,2,2,8.6250,939.838047,962.552073,1,0.020900,0.003200,0.014200,4,8,69,57,2,2,8.6250,939.838047,962.552073,dp,1,0,0.794258,-0.1000,8.6250
lrsp_n005_f02_moderate_s2,5,2,moderate,2,2.5,2.0,2.5,54.0,10.8,18.0,4.664761515876241,45.0,351.77771908837474,46.866404,46.86640395521995,70.35554381767494,62.89314755439856,0.5,140.71108763534988,93.7328079104399,2.5,2.5,1,0.015000,0.002100,0.009000,4,8,73,61,2,2,9.1250,830.561185,839.691269,1,0.018600,0.003600,0.011800,4,8,73,61,2,2,9.1250,830.561185,839.691269,dp,1,0,0.806452,-0.0934,9.1250
lrsp_n005_f02_moderate_s3,5,2,moderate,3,2.5,2.0,2.5,106.0,21.2,27.0,3.655133376499413,67.5,323.6157966064912,27.650176,27.65017643795992,64.72315932129824,60.14073235790672,0.5,129.44631864259648,55.30035287591984,2.5,2.5,1,0.010100,0.002200,0.006300,4,8,69,57,2,2,8.6250,601.230483,601.230483,1,0.012000,0.002400,0.007900,4,8,69,57,2,2,8.6250,601.230483,601.230483,dp,1,0,0.841667,-0.0749,8.6250
lrsp_n005_f02_tight_s1,5,2,tight,1,1.7,1.4,1.7,110.0,22.0,30.0,9.757048734120374,51.0,243.09055557836112,53.263033,53.26303298972083,71.49722222892974,43.37091211839273,0.7142857142857143,142.9944444578595,106.52606597944165,1.7,1.7,1,0.005700,0.001900,0.001200,3,6,48,38,0,1,8.0000,1595.741536,1597.946395,1,0.008000,0.002000,0.004500,3,6,48,38,0,1,8.0000,1595.741536,1597.946395,dp,1,0,0.712500,-0.1472,8.0000
lrsp_n005_f02_tight_s2,5,2,tight,2,1.7,1.4,1.7,54.0,10.8,18.0,4.664761515876241,30.599999999999998,239.20884898009479,46.866404,46.86640395521995,70.35554381767494,62.89314755439856,0.7105263157894737,140.71108763534988,93.7328079104399,1.7,1.7,1,0.009200,0.002100,0.004000,4,8,58,48,0,1,7.2500,1362.745437,1383.580972,1,0.019300,0.002200,0.014500,4,8,58,48,0,1,7.2500,1362.745437,1383.580972,dp,1,0,0.476684,-0.3218,7.2500
lrsp_n005_f02_tight_s3,5,2,tight,3,1.7,1.4,1.7,106.0,21.2,27.0,3.655133376499413,45.9,220.058741692414,27.650176,27.65017643795992,64.72315932129824,60.14073235790672,0.7162162162162162,129.44631864259648,55.30035287591984,1.7,1.7,1,0.004200,0.002000,0.001000,3,6,29,19,0,1,4.8333,888.170092,888.170092,1,0.008400,0.002000,0.004700,3,6,29,19,0,1,4.8333,888.170092,888.170092,dp,1,0,0.500000,-0.3010,4.8333
lrsp_n006_f02_easy_s1,6,2,easy,1,4.0,3.0,4.0,140.0,23.333333333333332,30.0,9.392668535736913,120.0,674.2855389122905,39.8473,39.84730040668827,84.28569236403631,48.984744712052056,0.3333333333333333,168.57138472807262,79.69460081337654,4.0,4.0,1,0.389100,0.002700,0.383800,6,12,100,86,2,2,8.3333,720.857751,740.257882,1,0.055200,0.002600,0.050100,6,12,100,86,2,2,8.3333,720.857751,740.257882,ip,0,1,7.048913,0.8481,8.3333
lrsp_n006_f02_easy_s2,6,2,easy,2,4.0,3.0,4.0,75.0,12.5,21.0,5.7081812631812365,84.0,323.98530451291384,29.964818,29.964818293847742,40.49816306411423,59.079082708695815,0.33482142857142855,80.99632612822846,59.929636587695484,4.0,4.0,1,0.189200,0.002800,0.183800,6,12,121,109,0,1,10.0833,583.217786,583.217786,1,0.045100,0.002900,0.039500,6,12,121,109,0,1,10.0833,583.217786,583.217786,ip,0,1,4.195122,0.6227,10.0833
lrsp_n006_f02_easy_s3,6,2,easy,3,4.0,3.0,4.0,118.0,19.666666666666668,27.0,4.784233364802441,108.0,687.9775756652141,42.265434,42.26543432387131,85.99719695815176,57.63355308651878,0.3333333333333333,171.99439391630352,84.53086864774262,4.0,4.0,1,0.436000,0.002800,0.428800,6,12,123,109,2,2,10.2500,756.546655,780.489880,1,0.071400,0.004600,0.062400,6,12,123,109,2,2,10.2500,756.546655,780.489880,ip,0,1,6.106443,0.7858,10.2500
lrsp_n006_f02_moderate_s1,6,2,moderate,1,2.5,2.0,2.5,140.0,23.333333333333332,30.0,9.392668535736913,75.0,421.42846182018155,39.8473,39.84730040668827,84.28569236403631,48.984744712052056,0.5,168.57138472807262,79.69460081337654,2.5,2.5,1,0.101700,0.002500,0.096400,4,8,66,53,1,2,8.2500,816.655053,816.655053,1,0.017300,0.002300,0.013100,4,8,66,53,1,2,8.2500,816.655053,816.655053,ip,0,1,5.878613,0.7693,8.2500
lrsp_n006_f02_moderate_s2,6,2,moderate,2,2.5,2.0,2.5,75.0,12.5,21.0,5.7081812631812365,52.5,202.49081532057116,29.964818,29.964818293847742,40.49816306411423,59.079082708695815,0.5,80.99632612822846,59.929636587695484,2.5,2.5,1,0.049400,0.003500,0.044000,4,8,80,68,0,1,10.0000,645.732244,645.732244,1,0.014700,0.002500,0.010400,4,8,80,68,0,1,10.0000,645.732244,645.732244,ip,0,1,3.360544,0.5264,10.0000
lrsp_n006_f02_moderate_s3,6,2,moderate,3,2.5,2.0,2.5,118.0,19.666666666666668,27.0,4.784233364802441,67.5,429.98598479075883,42.265434,42.26543432387131,85.99719695815176,57.63355308651878,0.5,171.99439391630352,84.53086864774262,2.5,2.5,1,0.188900,0.002800,0.183600,5,10,96,82,2,2,9.6000,814.288517,814.288517,1,0.039300,0.002900,0.031700,5,10,96,82,2,2,9.6000,814.288517,814.288517,ip,0,1,4.806616,0.6818,9.6000
lrsp_n006_f02_tight_s1,6,2,tight,1,1.7,1.4,1.7,140.0,23.333333333333332,30.0,9.392668535736913,51.0,286.57135403772344,39.8473,39.84730040668827,84.28569236403631,48.984744712052056,0.7142857142857143,168.57138472807262,79.69460081337654,1.7,1.7,1,0.011500,0.002300,0.007400,3,6,47,35,0,1,7.8333,1301.041192,1328.409345,1,0.008800,0.002100,0.005200,3,6,47,35,0,1,7.8333,1301.041192,1328.409345,ip,0,1,1.306818,0.1162,7.8333
lrsp_n006_f02_tight_s2,6,2,tight,2,1.7,1.4,1.7,75.0,12.5,21.0,5.7081812631812365,35.699999999999996,137.69375441798837,29.964818,29.964818293847742,40.49816306411423,59.079082708695815,0.7211538461538461,80.99632612822846,59.929636587695484,1.7,1.6999999999999997,1,0.006300,0.004500,0.000200,2,4,28,19,0,1,7.0000,932.578555,961.045475,1,0.006400,0.004800,0.000200,2,4,28,19,0,1,7.0000,932.578555,961.045475,dp,1,0,0.984375,-0.0068,7.0000
lrsp_n006_f02_tight_s3,6,2,tight,3,1.7,1.4,1.7,118.0,19.666666666666668,27.0,4.784233364802441,45.9,292.390469657716,42.265434,42.26543432387131,85.99719695815176,57.63355308651878,0.7108433734939759,171.99439391630352,84.53086864774262,1.7,1.7,1,0.023600,0.005000,0.016500,4,8,57,45,0,1,7.1250,1374.694261,1378.811440,0,,,,,,,,,,,,,dp_only,1,0,,,7.1250
lrsp_n007_f02_easy_s1,7,2,easy,1,4.0,3.0,4.0,155.0,22.142857142857142,30.0,9.171829096728299,120.0,552.2495260397566,36.053448,36.05344817362431,69.03119075496957,48.813103750383,0.33405172413793105,138.06238150993914,72.10689634724862,4.0,4.0,1,14.025900,0.003800,14.016000,9,18,145,129,2,2,8.0556,716.685933,750.214877,1,0.276000,0.003200,0.267100,8,16,146,130,2,2,9.1250,716.685933,750.214877,ip,0,1,50.818478,1.7060,9.1250
lrsp_n007_f02_easy_s2,7,2,easy,2,4.0,3.0,4.0,94.0,13.428571428571429,21.0,5.7534373044577904,84.0,542.7386899914206,40.302224,40.30222430963446,67.84233624892758,57.62545293834022,0.3333333333333333,135.68467249785516,80.60444861926892,4.0,4.0,1,9.643800,0.003200,9.636100,7,14,123,107,2,2,8.7857,746.681146,787.824304,1,0.244900,0.002800,0.238000,7,14,123,107,2,2,8.7857,746.681146,787.824304,ip,0,1,39.378522,1.5953,8.7857
lrsp_n007_f02_easy_s3,7,2,easy,3,4.0,3.0,4.0,139.0,19.857142857142858,27.0,4.453844933748542,108.0,638.3728099088787,53.400965,53.40096517987394,79.79660123860984,56.2400019488117,0.33413461538461536,159.59320247721968,106.80193035974789,4.0,4.0,1,9.773100,0.003200,9.764500,6,12,137,121,2,2,11.4167,946.880828,961.352764,1,0.204700,0.002900,0.196800,6,12,137,121,2,2,11.4167,946.880828,961.352764,ip,0,1,47.743527,1.6789,11.4167
lrsp_n007_f02_moderate_s1,7,2,moderate,1,2.5,2.0,2.5,155.0,22.142857142857142,30.0,9.171829096728299,75.0,345.15595377484783,36.053448,36.05344817362431,69.03119075496957,48.813103750383,0.5,138.06238150993914,72.10689634724862,2.5,2.5,1,4.441400,0.003100,4.433400,7,14,126,112,0,1,9.0000,831.816691,888.767843,1,0.071600,0.002700,0.064400,7,14,126,112,0,1,9.0000,831.816691,888.767843,ip,0,1,62.030726,1.7926,9.0000
lrsp_n007_f02_moderate_s2,7,2,moderate,2,2.5,2.0,2.5,94.0,13.428571428571429,21.0,5.7534373044577904,52.5,339.21168124463793,40.302224,40.30222430963446,67.84233624892758,57.62545293834022,0.5,135.68467249785516,80.60444861926892,2.5,2.5,1,5.513800,0.003300,5.507800,7,14,149,135,0,1,10.6429,823.916555,823.916555,1,0.067900,0.002900,0.062700,7,14,149,135,0,1,10.6429,823.916555,823.916555,ip,0,1,81.204713,1.9096,10.6429
lrsp_n007_f02_moderate_s3,7,2,moderate,3,2.5,2.0,2.5,139.0,19.857142857142858,27.0,4.453844933748542,67.5,398.98300619304916,53.400965,53.40096517987394,79.79660123860984,56.2400019488117,0.5,159.59320247721968,106.80193035974789,2.5,2.5,1,2.741000,0.002900,2.732500,5,10,110,96,0,1,11.0000,1090.605556,1138.916863,1,0.054100,0.002500,0.046400,5,10,110,96,0,1,11.0000,1090.605556,1138.916863,ip,0,1,50.665434,1.7047,11.0000
lrsp_n007_f02_tight_s1,7,2,tight,1,1.7,1.4,1.7,155.0,22.142857142857142,30.0,9.171829096728299,51.0,234.70604856689653,36.053448,36.05344817362431,69.03119075496957,48.813103750383,0.7175925925925926,138.06238150993914,72.10689634724862,1.7,1.7,1,0.149100,0.002400,0.145000,5,10,82,68,0,1,8.2000,1207.368395,1207.368395,1,0.013500,0.002400,0.009400,5,10,82,68,0,1,8.2000,1207.368395,1207.368395,ip,0,1,11.044444,1.0431,8.2000
lrsp_n007_f02_tight_s2,7,2,tight,2,1.7,1.4,1.7,94.0,13.428571428571429,21.0,5.7534373044577904,35.699999999999996,230.66394324635377,40.302224,40.30222430963446,67.84233624892758,57.62545293834022,0.7121212121212122,135.68467249785516,80.60444861926892,1.7,1.6999999999999997,1,0.399800,0.002300,0.393100,5,10,73,59,0,1,7.3000,1271.649258,1280.941849,1,0.015400,0.002200,0.010900,5,10,73,59,0,1,7.3000,1271.649258,1280.941849,ip,0,1,25.961039,1.4143,7.3000
lrsp_n007_f02_tight_s3,7,2,tight,3,1.7,1.4,1.7,139.0,19.857142857142858,27.0,4.453844933748542,45.9,271.30844421127347,53.400965,53.40096517987394,79.79660123860984,56.2400019488117,0.7164948453608248,159.59320247721968,106.80193035974789,1.7000000000000002,1.7,1,0.174600,0.002100,0.170900,4,8,60,46,0,1,7.5000,1775.047301,1775.047301,1,0.013300,0.002000,0.009900,4,8,60,46,0,1,7.5000,1775.047301,1775.047301,ip,0,1,13.127820,1.1182,7.5000
lrsp_n008_f02_easy_s1,8,2,easy,1,4.0,3.0,4.0,177.0,22.125,30.0,8.57959060794861,120.0,684.8441189181336,48.093524,48.09352362755998,85.6055148647667,53.26609969394837,0.33270676691729323,171.2110297295334,96.18704725511996,4.0,4.0,0,,,,,,,,,,,,,1,0.772600,0.003200,0.764700,8,16,133,115,2,2,8.3125,903.457946,943.297575,ip_only,0,1,,,8.3125
lrsp_n008_f02_easy_s2,8,2,easy,2,4.0,3.0,4.0,99.0,12.375,21.0,6.0608889612003285,84.0,551.5021121455345,39.262372,39.26237191559925,68.93776401819181,56.376313187057015,0.3344594594594595,137.87552803638363,78.5247438311985,4.0,4.0,0,,,,,,,,,,,,,1,0.897600,0.003100,0.889600,6,12,157,139,2,2,13.0833,754.999626,778.943466,ip_only,0,1,,,13.0833
lrsp_n008_f02_easy_s3,8,2,easy,3,4.0,3.0,4.0,168.0,21.0,29.0,5.1478150704935,116.0,479.4837252083583,40.77523,40.77522973036076,59.93546565104479,57.84638402695523,0.3333333333333333,119.87093130208957,81.55045946072153,4.0,4.0,0,,,,,,,,,,,,,1,0.696300,0.003900,0.688700,8,16,173,155,2,2,10.8125,807.954734,807.954734,ip_only,0,1,,,10.8125
lrsp_n008_f02_moderate_s1,8,2,moderate,1,2.5,2.0,2.5,177.0,22.125,30.0,8.57959060794861,75.0,428.0275743238335,48.093524,48.09352362755998,85.6055148647667,53.26609969394837,0.5,171.2110297295334,96.18704725511996,2.5,2.5,1,30.837500,0.002000,30.834000,1,2,49,32,1,3,24.5000,1047.109269,1047.109269,1,0.107900,0.002900,0.102600,8,16,146,129,1,3,9.1250,1047.109269,1047.109269,ip,0,1,285.797034,2.4561,9.1250
lrsp_n008_f02_moderate_s2,8,2,moderate,2,2.5,2.0,2.5,99.0,12.375,21.0,6.0608889612003285,52.5,344.6888200909591,39.262372,39.26237191559925,68.93776401819181,56.376313187057015,0.5,137.87552803638363,78.5247438311985,2.5,2.5,0,,,,,,,,,,,,,1,0.185100,0.002900,0.179800,7,14,145,129,0,1,10.3571,832.041328,832.041328,ip_only,0,1,,,10.3571
lrsp_n008_f02_moderate_s3,8,2,moderate,3,2.5,2.0,2.5,168.0,21.0,29.0,5.1478150704935,72.5,299.6773282552239,40.77523,40.77522973036076,59.93546565104479,57.84638402695523,0.5,119.87093130208957,81.55045946072153,2.5,2.5,0,,,,,,,,,,,,,1,0.088700,0.002800,0.082000,6,12,140,124,0,1,11.6667,914.000707,955.703586,ip_only,0,1,,,11.6667
lrsp_n008_f02_tight_s1,8,2,tight,1,1.7,1.4,1.7,177.0,22.125,30.0,8.57959060794861,51.0,291.0587505402068,48.093524,48.09352362755998,85.6055148647667,53.26609969394837,0.7137096774193549,171.2110297295334,96.18704725511996,1.7,1.7,1,3.433700,0.002800,3.428600,6,12,88,72,0,1,7.3333,1649.515591,1650.541539,1,0.017500,0.002500,0.013000,6,12,88,72,0,1,7.3333,1649.515591,1650.541539,ip,0,1,196.211429,2.2927,7.3333
lrsp_n008_f02_tight_s2,8,2,tight,2,1.7,1.4,1.7,99.0,12.375,21.0,6.0608889612003285,35.699999999999996,234.38839766185217,39.262372,39.26237191559925,68.93776401819181,56.376313187057015,0.717391304347826,137.87552803638363,78.5247438311985,1.7,1.6999999999999997,1,8.684900,0.002600,8.680100,5,10,97,81,0,1,9.7000,1274.684591,1274.684591,1,0.019300,0.002400,0.014800,5,10,97,81,0,1,9.7000,1274.684591,1274.684591,ip,0,1,449.994819,2.6532,9.7000
lrsp_n008_f02_tight_s3,8,2,tight,3,1.7,1.4,1.7,168.0,21.0,29.0,5.1478150704935,49.3,203.78058321355226,40.77523,40.77522973036076,59.93546565104479,57.84638402695523,0.711864406779661,119.87093130208957,81.55045946072153,1.7,1.7,1,4.662200,0.002400,4.656700,5,10,76,60,0,1,7.6000,1422.824244,1446.494172,1,0.014900,0.002100,0.010000,5,10,76,60,0,1,7.6000,1422.824244,1446.494172,ip,0,1,312.899329,2.4954,7.6000
lrsp_n009_f03_easy_s1,9,3,easy,1,4.0,3.0,4.0,203.0,22.555555555555557,30.0,8.18007214191376,120.0,403.0294411551496,28.58041,28.58041049200206,50.3786801443937,53.31669252635201,0.3333333333333333,100.7573602887874,57.16082098400412,4.0,4.0,0,,,,,,,,,,,,,1,2.503800,0.005400,2.492900,11,33,340,310,3,2,10.3030,657.158292,657.158292,ip_only,0,1,,,10.3030
lrsp_n009_f03_easy_s2,9,3,easy,2,4.0,3.0,4.0,116.0,12.88888888888889,21.0,5.896221849520711,84.0,500.86189380328193,27.967904,27.967903558252544,62.60773672541024,55.953549297138565,0.3333333333333333,125.21547345082048,55.93580711650509,4.0,4.0,0,,,,,,,,,,,,,1,5.820600,0.005200,5.802300,10,30,302,272,3,2,10.0667,646.755153,680.907332,ip_only,0,1,,,10.0667
lrsp_n009_f03_easy_s3,9,3,easy,3,4.0,3.0,4.0,191.0,21.22222222222222,29.0,4.893936787898943,116.0,613.7964449271294,31.315497,31.315497386909005,76.72455561589118,57.86114884667735,0.3333333333333333,153.44911123178235,62.63099477381801,4.0,4.0,0,,,,,,,,,,,,,1,2.690400,0.004600,2.676500,10,30,301,271,3,2,10.0333,752.900704,765.495990,ip_only,0,1,,,10.0333
lrsp_n009_f03_moderate_s1,9,3,moderate,1,2.5,2.0,2.5,203.0,22.555555555555557,30.0,8.18007214191376,75.0,251.89340072196848,28.58041,28.58041049200206,50.3786801443937,53.31669252635201,0.5012345679012346,100.7573602887874,57.16082098400412,2.5,2.5,0,,,,,,,,,,,,,1,0.184300,0.003000,0.177900,7,21,182,155,0,1,8.6667,984.274907,989.589767,ip_only,0,1,,,8.6667
lrsp_n009_f03_moderate_s2,9,3,moderate,2,2.5,2.0,2.5,116.0,12.88888888888889,21.0,5.896221849520711,52.5,313.0386836270512,27.967904,27.967903558252544,62.60773672541024,55.953549297138565,0.5021645021645021,125.21547345082048,55.93580711650509,2.5,2.5,0,,,,,,,,,,,,,1,0.427200,0.002900,0.420200,6,18,197,170,0,1,10.9444,972.727933,1001.357593,ip_only,0,1,,,10.9444
lrsp_n009_f03_moderate_s3,9,3,moderate,3,2.5,2.0,2.5,191.0,21.22222222222222,29.0,4.893936787898943,72.5,383.6227780794559,31.315497,31.315497386909005,76.72455561589118,57.86114884667735,0.5013123359580053,153.44911123178235,62.63099477381801,2.5,2.5,0,,,,,,,,,,,,,1,0.246300,0.002900,0.161400,6,18,192,165,0,1,10.6667,1139.495361,1200.491571,ip_only,0,1,,,10.6667
lrsp_n009_f03_tight_s1,9,3,tight,1,1.7,1.4,1.7,203.0,22.555555555555557,30.0,8.18007214191376,51.0,171.28751249093858,28.58041,28.58041049200206,50.3786801443937,53.31669252635201,0.712280701754386,100.7573602887874,57.16082098400412,1.7000000000000002,1.7,1,17.653400,0.002500,17.648200,4,12,106,79,0,1,8.8333,1359.215127,1366.730211,1,0.016800,0.002200,0.012300,4,12,106,79,0,1,8.8333,1359.215127,1366.730211,ip,0,1,1050.797619,3.0215,8.8333
lrsp_n009_f03_tight_s2,9,3,tight,2,1.7,1.4,1.7,116.0,12.88888888888889,21.0,5.896221849520711,35.699999999999996,212.8663048663948,27.967904,27.967903558252544,62.60773672541024,55.953549297138565,0.7160493827160493,125.21547345082048,55.93580711650509,1.7,1.6999999999999997,0,,,,,,,,,,,,,1,0.022300,0.002300,0.017700,4,12,111,85,0,1,9.2500,1359.582735,1369.282981,ip_only,0,1,,,9.2500
lrsp_n009_f03_tight_s3,9,3,tight,3,1.7,1.4,1.7,191.0,21.22222222222222,29.0,4.893936787898943,49.3,260.86348909403,31.315497,31.315497386909005,76.72455561589118,57.86114884667735,0.7153558052434457,153.44911123178235,62.63099477381801,1.7,1.7,0,,,,,,,,,,,,,1,0.019900,0.002300,0.014200,4,12,93,66,0,1,7.7500,1512.148786,1517.968289,ip_only,0,1,,,7.7500
lrsp_n010_f03_easy_s1,10,3,easy,1,4.0,3.0,4.0,208.0,20.8,30.0,9.378699270154684,120.0,578.8927550678644,34.038825,34.03882458755542,72.36159438348305,50.51803773789468,0.3333333333333333,144.7231887669661,68.07764917511084,4.0,4.0,0,,,,,,,,,,,,,1,12.561100,0.005700,12.548900,11,33,365,332,3,2,11.0606,719.199554,719.199554,ip_only,0,1,,,11.0606
lrsp_n010_f03_easy_s2,10,3,easy,2,4.0,3.0,4.0,126.0,12.6,21.0,5.660388679233963,84.0,651.3797596970957,42.476464,42.47646390091802,81.42246996213696,53.61360800817867,0.3333333333333333,162.84493992427392,84.95292780183604,4.0,4.0,0,,,,,,,,,,,,,1,32.270000,0.008200,32.246200,12,36,418,385,3,2,11.6111,852.613272,899.512180,ip_only,0,1,,,11.6111
lrsp_n010_f03_easy_s3,10,3,easy,3,4.0,3.0,4.0,204.0,20.4,29.0,5.2573757712379665,116.0,651.7808762294767,37.129298,37.12929829839442,81.47260952868459,57.06550464880167,0.3333333333333333,162.94521905736917,74.25859659678883,4.0,4.0,0,,,,,,,,,,,,,1,9.913000,0.005900,9.900900,10,30,302,269,3,2,10.0667,815.121385,815.121385,ip_only,0,1,,,10.0667
lrsp_n010_f03_moderate_s1,10,3,moderate,1,2.5,2.0,2.5,208.0,20.8,30.0,9.378699270154684,75.0,361.8079719174153,34.038825,34.03882458755542,72.36159438348305,50.51803773789468,0.4988009592326139,144.7231887669661,68.07764917511084,2.5,2.5,0,,,,,,,,,,,,,1,0.598100,0.004400,0.588700,8,24,254,223,1,3,10.5833,1140.010978,1149.825276,ip_only,0,1,,,10.5833
lrsp_n010_f03_moderate_s2,10,3,moderate,2,2.5,2.0,2.5,126.0,12.6,21.0,5.660388679233963,52.5,407.1123498106848,42.476464,42.47646390091802,81.42246996213696,53.61360800817867,0.5,162.84493992427392,84.95292780183604,2.5,2.5,0,,,,,,,,,,,,,1,3.043200,0.004900,2.986300,8,24,289,259,0,1,12.0417,1397.602617,1442.861816,ip_only,0,1,,,12.0417
lrsp_n010_f03_moderate_s3,10,3,moderate,3,2.5,2.0,2.5,204.0,20.4,29.0,5.2573757712379665,72.5,407.36304764342293,37.129298,37.12929829839442,81.47260952868459,57.06550464880167,0.5,162.94521905736917,74.25859659678883,2.5,2.5,0,,,,,,,,,,,,,1,0.540600,0.004300,0.525800,7,21,215,185,0,1,10.2381,1285.330603,1322.917485,ip_only,0,1,,,10.2381
lrsp_n010_f03_tight_s1,10,3,tight,1,1.7,1.4,1.7,208.0,20.8,30.0,9.378699270154684,51.0,246.02942090384238,34.038825,34.03882458755542,72.36159438348305,50.51803773789468,0.7147766323024055,144.7231887669661,68.07764917511084,1.7,1.7,0,,,,,,,,,,,,,1,0.056500,0.003300,0.046900,6,18,148,118,0,1,8.2222,1647.759741,1670.267056,ip_only,0,1,,,8.2222
lrsp_n010_f03_tight_s2,10,3,tight,2,1.7,1.4,1.7,126.0,12.6,21.0,5.660388679233963,35.699999999999996,276.83639787126566,42.476464,42.47646390091802,81.42246996213696,53.61360800817867,0.711864406779661,162.84493992427392,84.95292780183604,1.7,1.6999999999999997,0,,,,,,,,,,,,,1,0.147700,0.003400,0.139900,8,24,221,191,0,1,9.2083,1971.433985,1973.666963,ip_only,0,1,,,9.2083
lrsp_n010_f03_tight_s3,10,3,tight,3,1.7,1.4,1.7,204.0,20.4,29.0,5.2573757712379665,49.3,277.00687239752756,37.129298,37.12929829839442,81.47260952868459,57.06550464880167,0.7157894736842105,162.94521905736917,74.25859659678883,1.6999999999999997,1.7,0,,,,,,,,,,,,,1,0.033400,0.002500,0.028200,5,15,151,121,0,1,10.0667,1801.205049,1804.882336,ip_only,0,1,,,10.0667
lrsp_n011_f03_easy_s1,11,3,easy,1,4.0,3.0,4.0,228.0,20.727272727272727,30.0,8.945195857309097,120.0,542.714203593851,39.910905,39.91090492422103,67.83927544923138,49.71130929205129,0.3333333333333333,135.67855089846276,79.82180984844206,4.0,4.0,0,,,,,,,,,,,,,1,31.201600,0.002900,31.194500,3,9,180,144,3,2,20.0000,857.480674,857.480674,ip_only,0,1,,,20.0000
lrsp_n011_f03_easy_s2,11,3,easy,2,4.0,3.0,4.0,131.0,11.909090909090908,21.0,5.822441622402151,84.0,470.65691689134616,29.654386,29.654385887748443,58.83211461141827,53.46456858781423,0.3333333333333333,117.66422922283654,59.308771775496886,4.0,4.0,0,,,,,,,,,,,,,0,,,,,,,,,,,,,both_to,0,0,,,
lrsp_n011_f03_easy_s3,11,3,easy,3,4.0,3.0,4.0,221.0,20.09090909090909,29.0,5.107117056432051,116.0,683.081326863797,36.835847,36.83584680919685,85.38516585797463,54.318162603791016,0.3333333333333333,170.77033171594925,73.6716936183937,4.0,4.0,0,,,,,,,,,,,,,1,30.652500,0.003200,30.645500,3,9,180,144,3,2,20.0000,826.917581,826.917581,ip_only,0,1,,,20.0000
lrsp_n011_f03_moderate_s1,11,3,moderate,1,2.5,2.0,2.5,228.0,20.727272727272727,30.0,8.945195857309097,75.0,339.1963772461569,39.910905,39.91090492422103,67.83927544923138,49.71130929205129,0.5,135.67855089846276,79.82180984844206,2.5,2.5,0,,,,,,,,,,,,,1,1.409700,0.006000,1.396800,11,33,371,338,0,1,11.2424,1332.979279,1332.979279,ip_only,0,1,,,11.2424
lrsp_n011_f03_moderate_s2,11,3,moderate,2,2.5,2.0,2.5,131.0,11.909090909090908,21.0,5.822441622402151,52.5,294.16057305709137,29.654386,29.654385887748443,58.83211461141827,53.46456858781423,0.5019157088122606,117.66422922283654,59.308771775496886,2.5,2.5,0,,,,,,,,,,,,,1,5.215800,0.005500,5.183200,8,24,277,244,0,1,11.5417,1061.264289,1141.565316,ip_only,0,1,,,11.5417
lrsp_n011_f03_moderate_s3,11,3,moderate,3,2.5,2.0,2.5,221.0,20.09090909090909,29.0,5.107117056432051,72.5,426.92582928987315,36.835847,36.83584680919685,85.38516585797463,54.318162603791016,0.5011337868480725,170.77033171594925,73.6716936183937,2.5,2.5,0,,,,,,,,,,,,,1,1.239900,0.005400,1.121300,8,24,270,237,0,1,11.2500,1336.847110,1401.888868,ip_only,0,1,,,11.2500
lrsp_n011_f03_tight_s1,11,3,tight,1,1.7,1.4,1.7,228.0,20.727272727272727,30.0,8.945195857309097,51.0,230.65353652738668,39.910905,39.91090492422103,67.83927544923138,49.71130929205129,0.7169811320754716,135.67855089846276,79.82180984844206,1.7,1.7,0,,,,,,,,,,,,,1,0.063600,0.004400,0.054900,7,21,170,139,0,1,8.0952,1911.972101,1955.729143,ip_only,0,1,,,8.0952
lrsp_n011_f03_tight_s2,11,3,tight,2,1.7,1.4,1.7,131.0,11.909090909090908,21.0,5.822441622402151,35.699999999999996,200.02918967882212,29.654386,29.654385887748443,58.83211461141827,53.46456858781423,0.7158469945355191,117.66422922283654,59.308771775496886,1.7,1.6999999999999997,0,,,,,,,,,,,,,1,0.093500,0.003300,0.086600,5,15,152,120,0,1,10.1333,1451.700016,1452.930987,ip_only,0,1,,,10.1333
lrsp_n011_f03_tight_s3,11,3,tight,3,1.7,1.4,1.7,221.0,20.09090909090909,29.0,5.107117056432051,49.3,290.30956391711373,36.835847,36.83584680919685,85.38516585797463,54.318162603791016,0.7152103559870551,170.77033171594925,73.6716936183937,1.7,1.7,0,,,,,,,,,,,,,1,0.052000,0.003800,0.044600,6,18,197,164,0,1,10.9444,1841.153035,1845.752926,ip_only,0,1,,,10.9444
lrsp_n012_f04_easy_s1,12,4,easy,1,4.0,3.0,4.0,254.0,21.166666666666668,30.0,8.6874750199481,120.0,388.61582646106865,27.08035,27.08035029594676,48.57697830763358,49.46482882078923,0.33421052631578946,97.15395661526716,54.16070059189352,4.0,4.0,0,,,,,,,,,,,,,0,,,,,,,,,,,,,both_to,0,0,,,
lrsp_n012_f04_easy_s2,12,4,easy,2,4.0,3.0,4.0,152.0,12.666666666666666,21.0,6.114645442614714,84.0,487.8584225085373,24.346381,24.346381096265784,60.98230281356716,55.005709161969754,0.3333333333333333,121.96460562713432,48.69276219253157,4.0,4.0,0,,,,,,,,,,,,,0,,,,,,,,,,,,,both_to,0,0,,,
lrsp_n012_f04_easy_s3,12,4,easy,3,4.0,3.0,4.0,238.0,19.833333333333332,29.0,4.963757537278477,116.0,552.5057365682139,35.433189,35.433188832281814,69.06321707102674,54.88138343558911,0.3342696629213483,138.12643414205348,70.86637766456363,4.0,4.0,0,,,,,,,,,,,,,0,,,,,,,,,,,,,both_to,0,0,,,
lrsp_n012_f04_moderate_s1,12,4,moderate,1,2.5,2.0,2.5,254.0,21.166666666666668,30.0,8.6874750199481,75.0,242.8848915381679,27.08035,27.08035029594676,48.57697830763358,49.46482882078923,0.5,97.15395661526716,54.16070059189352,2.5,2.5,0,,,,,,,,,,,,,1,2.834600,0.005500,1.530100,8,32,372,324,0,1,11.6250,1058.094215,1171.489489,ip_only,0,1,,,11.6250
lrsp_n012_f04_moderate_s2,12,4,moderate,2,2.5,2.0,2.5,152.0,12.666666666666666,21.0,6.114645442614714,52.5,304.9115140678358,24.346381,24.346381096265784,60.98230281356716,55.005709161969754,0.5,121.96460562713432,48.69276219253157,2.5,2.5,0,,,,,,,,,,,,,1,12.131200,0.009000,10.098200,12,48,472,424,0,1,9.8333,961.543128,1184.953083,ip_only,0,1,,,9.8333
lrsp_n012_f04_moderate_s3,12,4,moderate,3,2.5,2.0,2.5,238.0,19.833333333333332,29.0,4.963757537278477,72.5,345.31608535513374,35.433189,35.433188832281814,69.06321707102674,54.88138343558911,0.5,138.12643414205348,70.86637766456363,2.5,2.5,0,,,,,,,,,,,,,1,2.607800,0.005800,2.375000,9,36,441,393,0,1,12.2500,1267.417474,1427.855133,ip_only,0,1,,,12.2500
lrsp_n012_f04_tight_s1,12,4,tight,1,1.7,1.4,1.7,254.0,21.166666666666668,30.0,8.6874750199481,51.0,165.16172624595418,27.08035,27.08035029594676,48.57697830763358,49.46482882078923,0.7134831460674157,97.15395661526716,54.16070059189352,1.7000000000000002,1.7,0,,,,,,,,,,,,,1,0.642300,0.002900,0.021000,5,20,164,125,0,1,8.2000,1460.016491,1665.115667,ip_only,0,1,,,8.2000
lrsp_n012_f04_tight_s2,12,4,tight,2,1.7,1.4,1.7,152.0,12.666666666666666,21.0,6.114645442614714,35.699999999999996,207.33982956612834,24.346381,24.346381096265784,60.98230281356716,55.005709161969754,0.7169811320754716,121.96460562713432,48.69276219253157,1.7,1.6999999999999997,0,,,,,,,,,,,,,1,0.220900,0.003100,0.137500,6,24,209,161,0,1,8.7083,1249.021520,1395.946072,ip_only,0,1,,,8.7083
lrsp_n012_f04_tight_s3,12,4,tight,3,1.7,1.4,1.7,238.0,19.833333333333332,29.0,4.963757537278477,49.3,234.8149380414909,35.433189,35.433188832281814,69.06321707102674,54.88138343558911,0.7168674698795181,138.12643414205348,70.86637766456363,1.7,1.7,0,,,,,,,,,,,,,1,0.106000,0.005300,0.068900,6,24,199,151,0,1,8.2917,1792.999674,1852.543772,ip_only,0,1,,,8.2917
lrsp_n013_f04_easy_s1,13,4,easy,1,4.0,3.0,4.0,268.0,20.615384615384617,30.0,8.562336682673465,120.0,486.30624468052497,30.164818,30.164818325944346,60.78828058506562,47.292389054269165,0.3333333333333333,121.57656117013124,60.32963665188869,4.0,4.0,0,,,,,,,,,,,,,0,,,,,,,,,,,,,both_to,0,0,,,
lrsp_n013_f04_easy_s2,13,4,easy,2,4.0,3.0,4.0,178.0,13.692307692307692,26.0,6.865573149749132,104.0,416.1106009639094,24.888206,24.888206447834985,52.013825120488676,54.496452567224694,0.332089552238806,104.02765024097735,49.77641289566997,4.0,4.0,0,,,,,,,,,,,,,0,,,,,,,,,,,,,both_to,0,0,,,
lrsp_n013_f04_easy_s3,13,4,easy,3,4.0,3.0,4.0,247.0,19.0,29.0,5.5746679790749045,116.0,484.1632544875167,39.698818,39.69881819765676,60.52040681093959,54.078228495134574,0.33378378378378376,121.04081362187918,79.39763639531353,4.0,4.0,0,,,,,,,,,,,,,0,,,,,,,,,,,,,both_to,0,0,,,
lrsp_n013_f04_moderate_s1,13,4,moderate,1,2.5,2.0,2.5,268.0,20.615384615384617,30.0,8.562336682673465,75.0,303.94140292532813,30.164818,30.164818325944346,60.78828058506562,47.292389054269165,0.5,121.57656117013124,60.32963665188869,2.5000000000000004,2.5,0,,,,,,,,,,,,,1,7.305600,0.006900,5.516200,9,36,483,431,0,1,13.4167,1133.993097,1428.677079,ip_only,0,1,,,13.4167
lrsp_n013_f04_moderate_s2,13,4,moderate,2,2.5,2.0,2.5,178.0,13.692307692307692,26.0,6.865573149749132,65.0,260.06912560244336,24.888206,24.888206447834985,52.013825120488676,54.496452567224694,0.5,104.02765024097735,49.77641289566997,2.5,2.5,0,,,,,,,,,,,,,1,31.709900,0.007200,29.952400,10,40,443,391,0,1,11.0750,903.781308,1134.436445,ip_only,0,1,,,11.0750
lrsp_n013_f04_moderate_s3,13,4,moderate,3,2.5,2.0,2.5,247.0,19.0,29.0,5.5746679790749045,72.5,302.6020340546979,39.698818,39.69881819765676,60.52040681093959,54.078228495134574,0.49798387096774194,121.04081362187918,79.39763639531353,2.4999999999999996,2.5,0,,,,,,,,,,,,,1,10.731700,0.006800,9.735200,11,44,496,444,0,1,11.2727,1422.867004,1739.735130,ip_only,0,1,,,11.2727
lrsp_n013_f04_tight_s1,13,4,tight,1,1.7,1.4,1.7,268.0,20.615384615384617,30.0,8.562336682673465,51.0,206.6801539892231,30.164818,30.164818325944346,60.78828058506562,47.292389054269165,0.7127659574468085,121.57656117013124,60.32963665188869,1.7,1.7,0,,,,,,,,,,,,,1,0.408200,0.004700,0.167600,6,24,272,222,0,1,11.3333,1655.156746,1752.714932,ip_only,0,1,,,11.3333
lrsp_n013_f04_tight_s2,13,4,tight,2,1.7,1.4,1.7,178.0,13.692307692307692,26.0,6.865573149749132,44.199999999999996,176.8470054096615,24.888206,24.888206447834985,52.013825120488676,54.496452567224694,0.717741935483871,104.02765024097735,49.77641289566997,1.7000000000000002,1.6999999999999997,0,,,,,,,,,,,,,1,0.274900,0.006500,0.248900,6,24,247,196,0,1,10.2917,1249.472041,1275.412208,ip_only,0,1,,,10.2917
lrsp_n013_f04_tight_s3,13,4,tight,3,1.7,1.4,1.7,247.0,19.0,29.0,5.5746679790749045,49.3,205.7693831571946,39.698818,39.69881819765676,60.52040681093959,54.078228495134574,0.7180232558139535,121.04081362187918,79.39763639531353,1.7,1.7,0,,,,,,,,,,,,,1,0.259300,0.003100,0.078800,6,24,218,168,0,1,9.0833,2003.826724,2125.101026,ip_only,0,1,,,9.0833
lrsp_n014_f04_easy_s1,14,4,easy,1,4.0,3.0,4.0,290.0,20.714285714285715,30.0,8.25857624731122,120.0,612.2714667602372,31.854177,31.854177235313887,76.53393334502965,50.597085023299876,0.33256880733944955,153.0678666900593,63.708354470627775,4.0,4.0,0,,,,,,,,,,,,,0,,,,,,,,,,,,,both_to,0,0,,,
lrsp_n014_f04_easy_s2,14,4,easy,2,4.0,3.0,4.0,197.0,14.071428571428571,26.0,6.75557215208607,104.0,558.5605644875008,35.06113,35.06112992683966,69.8200705609376,53.57517148446747,0.3327702702702703,139.6401411218752,70.12225985367932,4.0,4.0,0,,,,,,,,,,,,,0,,,,,,,,,,,,,both_to,0,0,,,
lrsp_n014_f04_easy_s3,14,4,easy,3,4.0,3.0,4.0,256.0,18.285714285714285,29.0,5.9573312748551555,116.0,503.4025376859875,29.127519,29.127518845457946,62.92531721074844,57.20607756865093,0.3333333333333333,125.85063442149688,58.25503769091589,4.0,4.0,0,,,,,,,,,,,,,0,,,,,,,,,,,,,both_to,0,0,,,
lrsp_n014_f04_moderate_s1,14,4,moderate,1,2.5,2.0,2.5,290.0,20.714285714285715,30.0,8.25857624731122,75.0,382.66966672514826,31.854177,31.854177235313887,76.53393334502965,50.597085023299876,0.5,153.0678666900593,63.708354470627775,2.5,2.5,0,,,,,,,,,,,,,1,10.532700,0.010900,10.497600,11,44,501,445,0,1,11.3864,1262.547736,1273.325885,ip_only,0,1,,,11.3864
lrsp_n014_f04_moderate_s2,14,4,moderate,2,2.5,2.0,2.5,197.0,14.071428571428571,26.0,6.75557215208607,65.0,349.100352804688,35.06113,35.06112992683966,69.8200705609376,53.57517148446747,0.5025510204081632,139.6401411218752,70.12225985367932,2.5,2.5,0,,,,,,,,,,,,,1,38.028700,0.002800,38.017300,1,4,120,64,0,1,30.0000,1985.708061,1987.697352,ip_only,0,1,,,30.0000
lrsp_n014_f04_moderate_s3,14,4,moderate,3,2.5,2.0,2.5,256.0,18.285714285714285,29.0,5.9573312748551555,72.5,314.6265860537422,29.127519,29.127518845457946,62.92531721074844,57.20607756865093,0.5,125.85063442149688,58.25503769091589,2.5,2.5,0,,,,,,,,,,,,,1,18.250200,0.009300,18.218900,10,40,476,420,0,1,11.9000,1197.476360,1213.928254,ip_only,0,1,,,11.9000
lrsp_n014_f04_tight_s1,14,4,tight,1,1.7,1.4,1.7,290.0,20.714285714285715,30.0,8.25857624731122,51.0,260.2153733731008,31.854177,31.854177235313887,76.53393334502965,50.597085023299876,0.7107843137254902,153.0678666900593,63.708354470627775,1.7,1.7,0,,,,,,,,,,,,,1,0.389300,0.005500,0.344000,7,28,258,202,0,1,9.2143,1783.636416,1836.886150,ip_only,0,1,,,9.2143
lrsp_n014_f04_tight_s2,14,4,tight,2,1.7,1.4,1.7,197.0,14.071428571428571,26.0,6.75557215208607,44.199999999999996,237.38823990718782,35.06113,35.06112992683966,69.8200705609376,53.57517148446747,0.7137681159420289,139.6401411218752,70.12225985367932,1.7,1.6999999999999997,0,,,,,,,,,,,,,1,1.673700,0.005700,1.607200,8,32,367,311,0,1,11.4688,1765.226410,1834.433381,ip_only,0,1,,,11.4688
lrsp_n014_f04_tight_s3,14,4,tight,3,1.7,1.4,1.7,256.0,18.285714285714285,29.0,5.9573312748551555,49.3,213.94607851654467,29.127519,29.127518845457946,62.92531721074844,57.20607756865093,0.7111111111111111,125.85063442149688,58.25503769091589,1.7,1.7,0,,,,,,,,,,,,,1,0.543700,0.003900,0.223300,6,24,287,231,0,1,11.9583,1606.931800,1702.311078,ip_only,0,1,,,11.9583
lrsp_n015_f05_easy_s1,15,5,easy,1,4.0,3.0,4.0,315.0,21.0,30.0,8.049844718999243,120.0,447.83441251613897,29.448386,29.44838607741797,55.97930156451737,54.2072233565242,0.3333333333333333,111.95860312903474,58.89677215483594,4.0,4.0,0,,,,,,,,,,,,,0,,,,,,,,,,,,,both_to,0,0,,,
lrsp_n015_f05_easy_s2,15,5,easy,2,4.0,3.0,4.0,226.0,15.066666666666666,29.0,7.5141348285895315,116.0,408.25182620088174,25.043531,25.043530861697477,51.03147827511022,52.41800900496424,0.3323529411764706,102.06295655022043,50.08706172339495,4.0,4.0,0,,,,,,,,,,,,,0,,,,,,,,,,,,,both_to,0,0,,,
lrsp_n015_f05_easy_s3,15,5,easy,3,4.0,3.0,4.0,282.0,18.8,29.0,6.068497892120147,116.0,443.46954299250774,26.395336,26.395336089760782,55.43369287406347,56.236869364382876,0.3337278106508876,110.86738574812694,52.790672179521565,4.0,4.0,0,,,,,,,,,,,,,0,,,,,,,,,,,,,both_to,0,0,,,
lrsp_n015_f05_moderate_s1,15,5,moderate,1,2.5,2.0,2.5,315.0,21.0,30.0,8.049844718999243,75.0,279.89650782258684,29.448386,29.44838607741797,55.97930156451737,54.2072233565242,0.5,111.95860312903474,58.89677215483594,2.5,2.5,0,,,,,,,,,,,,,1,22.386300,0.011000,22.335300,9,45,497,422,0,1,11.0444,1512.285319,1527.999118,ip_only,0,1,,,11.0444
lrsp_n015_f05_moderate_s2,15,5,moderate,2,2.5,2.0,2.5,226.0,15.066666666666666,29.0,7.5141348285895315,72.5,255.15739137555107,25.043531,25.043530861697477,51.03147827511022,52.41800900496424,0.5022222222222222,102.06295655022043,50.08706172339495,2.5,2.5,0,,,,,,,,,,,,,0,,,,,,,,,,,,,both_to,0,0,,,
lrsp_n015_f05_moderate_s3,15,5,moderate,3,2.5,2.0,2.5,282.0,18.8,29.0,6.068497892120147,72.5,277.16846437031734,26.395336,26.395336089760782,55.43369287406347,56.236869364382876,0.49911504424778763,110.86738574812694,52.790672179521565,2.5,2.5,0,,,,,,,,,,,,,1,30.267600,0.017100,29.953900,9,45,550,475,0,1,12.2222,1404.397511,1459.490517,ip_only,0,1,,,12.2222
lrsp_n015_f05_tight_s1,15,5,tight,1,1.7,1.4,1.7,315.0,21.0,30.0,8.049844718999243,51.0,190.32962531935905,29.448386,29.44838607741797,55.97930156451737,54.2072233565242,0.7159090909090909,111.95860312903474,58.89677215483594,1.7,1.7,0,,,,,,,,,,,,,1,0.264600,0.007500,0.212600,7,35,309,241,0,1,8.8286,2019.543160,2068.470420,ip_only,0,1,,,8.8286
lrsp_n015_f05_tight_s2,15,5,tight,2,1.7,1.4,1.7,226.0,15.066666666666666,29.0,7.5141348285895315,49.3,173.50702613537473,25.043531,25.043530861697477,51.03147827511022,52.41800900496424,0.7174603174603175,102.06295655022043,50.08706172339495,1.7,1.7,0,,,,,,,,,,,,,1,2.603700,0.009400,2.138700,7,35,333,258,0,1,9.5143,1579.341737,1644.692080,ip_only,0,1,,,9.5143
lrsp_n015_f05_tight_s3,15,5,tight,3,1.7,1.4,1.7,282.0,18.8,29.0,6.068497892120147,49.3,188.47455577181577,26.395336,26.395336089760782,55.43369287406347,56.236869364382876,0.7139240506329114,110.86738574812694,52.790672179521565,1.7,1.7,0,,,,,,,,,,,,,1,0.343700,0.008400,0.326500,5,25,248,174,0,1,9.9200,1778.325617,1778.325617,ip_only,0,1,,,9.9200
lrsp_n016_f05_easy_s1,16,5,easy,1,4.0,3.0,4.0,323.0,20.1875,30.0,8.40549485455794,120.0,715.8619439686782,36.168382,36.168382017446646,89.48274299608478,57.330132253543994,0.33298969072164947,178.96548599216956,72.33676403489329,4.0,4.0,0,,,,,,,,,,,,,0,,,,,,,,,,,,,both_to,0,0,,,
lrsp_n016_f05_easy_s2,16,5,easy,2,4.0,3.0,4.0,242.0,15.125,29.0,7.279036680770334,116.0,379.6277083610894,29.489911,29.48991114936826,47.453463545136174,51.21244969685479,0.33379310344827584,94.90692709027235,58.97982229873652,4.0,4.0,0,,,,,,,,,,,,,0,,,,,,,,,,,,,both_to,0,0,,,
lrsp_n016_f05_easy_s3,16,5,easy,3,4.0,3.0,4.0,296.0,18.5,29.0,5.989574275355469,116.0,392.1809406455077,22.489254,22.48925397729224,49.02261758068846,54.1420369551973,0.3325842696629214,98.04523516137692,44.97850795458448,4.0,4.0,0,,,,,,,,,,,,,0,,,,,,,,,,,,,both_to,0,0,,,
lrsp_n016_f05_moderate_s1,16,5,moderate,1,2.5,2.0,2.5,323.0,20.1875,30.0,8.40549485455794,75.0,447.4137149804239,36.168382,36.168382017446646,89.48274299608478,57.330132253543994,0.5007751937984496,178.96548599216956,72.33676403489329,2.5,2.5,0,,,,,,,,,,,,,1,34.626100,0.005500,34.554900,2,10,240,160,0,1,24.0000,2146.138428,2278.793359,ip_only,0,1,,,24.0000
lrsp_n016_f05_moderate_s2,16,5,moderate,2,2.5,2.0,2.5,242.0,15.125,29.0,7.279036680770334,72.5,237.26731772568087,29.489911,29.48991114936826,47.453463545136174,51.21244969685479,0.49896907216494846,94.90692709027235,58.97982229873652,2.5,2.5,0,,,,,,,,,,,,,0,,,,,,,,,,,,,both_to,0,0,,,
lrsp_n016_f05_moderate_s3,16,5,moderate,3,2.5,2.0,2.5,296.0,18.5,29.0,5.989574275355469,72.5,245.1130879034423,22.489254,22.48925397729224,49.02261758068846,54.1420369551973,0.5016949152542373,98.04523516137692,44.97850795458448,2.5,2.5,0,,,,,,,,,,,,,1,31.723800,0.044300,30.958200,7,35,493,413,0,1,14.0857,1250.722646,1322.325585,ip_only,0,1,,,14.0857
lrsp_n016_f05_tight_s1,16,5,tight,1,1.7,1.4,1.7,323.0,20.1875,30.0,8.40549485455794,51.0,304.24132618668824,36.168382,36.168382017446646,89.48274299608478,57.330132253543994,0.7177777777777777,178.96548599216956,72.33676403489329,1.7,1.7,0,,,,,,,,,,,,,1,3.241500,0.010900,2.815700,9,45,474,394,0,1,10.5333,2446.377086,2548.336117,ip_only,0,1,,,10.5333
lrsp_n016_f05_tight_s2,16,5,tight,2,1.7,1.4,1.7,242.0,15.125,29.0,7.279036680770334,49.3,161.34177605346298,29.489911,29.48991114936826,47.453463545136174,51.21244969685479,0.711764705882353,94.90692709027235,58.97982229873652,1.7,1.7,0,,,,,,,,,,,,,1,1.111700,0.012100,0.682900,7,35,345,274,0,1,9.8571,1859.655665,1972.181610,ip_only,0,1,,,9.8571
lrsp_n016_f05_tight_s3,16,5,tight,3,1.7,1.4,1.7,296.0,18.5,29.0,5.989574275355469,49.3,166.67689977434077,22.489254,22.48925397729224,49.02261758068846,54.1420369551973,0.7132530120481928,98.04523516137692,44.97850795458448,1.7,1.7,0,,,,,,,,,,,,,1,0.671500,0.009400,0.353400,6,30,278,207,0,1,9.2667,1584.498424,1628.674172,ip_only,0,1,,,9.2667
lrsp_n017_f05_easy_s1,17,5,easy,1,4.0,3.0,4.0,350.0,20.58823529411765,30.0,8.31058024115264,120.0,399.2451705947501,25.454692,25.45469151540101,49.90564632434376,57.82534552243374,0.3333333333333333,99.81129264868753,50.90938303080202,4.0,4.0,0,,,,,,,,,,,,,0,,,,,,,,,,,,,both_to,0,0,,,
lrsp_n017_f05_easy_s2,17,5,easy,2,4.0,3.0,4.0,252.0,14.823529411764707,29.0,7.163923457712155,116.0,349.9978476192148,24.771702,24.771701739782696,43.74973095240185,52.36154965729138,0.3337748344370861,87.4994619048037,49.54340347956539,4.0,4.0,0,,,,,,,,,,,,,0,,,,,,,,,,,,,both_to,0,0,,,
lrsp_n017_f05_easy_s3,17,5,easy,3,4.0,3.0,4.0,319.0,18.764705882352942,29.0,5.906421348734691,116.0,499.2193039141894,24.508397,24.508396827719107,62.40241298927368,52.78913169277831,0.33403141361256544,124.80482597854736,49.016793655438214,4.0,4.0,0,,,,,,,,,,,,,0,,,,,,,,,,,,,both_to,0,0,,,
lrsp_n017_f05_moderate_s1,17,5,moderate,1,2.5,2.0,2.5,350.0,20.58823529411765,30.0,8.31058024115264,75.0,249.52823162171882,25.454692,25.45469151540101,49.90564632434376,57.82534552243374,0.5,99.81129264868753,50.90938303080202,2.5,2.5,0,,,,,,,,,,,,,1,32.923400,0.013600,32.871700,7,35,500,415,0,1,14.2857,1434.144632,1441.447486,ip_only,0,1,,,14.2857
lrsp_n017_f05_moderate_s2,17,5,moderate,2,2.5,2.0,2.5,252.0,14.823529411764707,29.0,7.163923457712155,72.5,218.74865476200924,24.771702,24.771701739782696,43.74973095240185,52.36154965729138,0.499009900990099,87.4994619048037,49.54340347956539,2.5,2.5,0,,,,,,,,,,,,,0,,,,,,,,,,,,,both_to,0,0,,,
lrsp_n017_f05_moderate_s3,17,5,moderate,3,2.5,2.0,2.5,319.0,18.764705882352942,29.0,5.906421348734691,72.5,312.0120649463684,24.508397,24.508396827719107,62.40241298927368,52.78913169277831,0.4984375,124.80482597854736,49.016793655438214,2.5,2.5,0,,,,,,,,,,,,,1,30.044300,0.005000,30.005900,1,5,165,80,0,1,33.0000,1658.397956,1675.182153,ip_only,0,1,,,33.0000
lrsp_n017_f05_tight_s1,17,5,tight,1,1.7,1.4,1.7,350.0,20.58823529411765,30.0,8.31058024115264,51.0,169.6791975027688,25.454692,25.45469151540101,49.90564632434376,57.82534552243374,0.7142857142857143,99.81129264868753,50.90938303080202,1.7,1.7,1,0.205300,0.009900,0.166400,6,30,306,238,0,1,10.2000,1860.224440,1872.976524,1,0.210200,0.010000,0.167800,6,30,306,238,0,1,10.2000,1860.224440,1872.976524,dp,1,0,0.976689,-0.0102,10.2000
lrsp_n017_f05_tight_s2,17,5,tight,2,1.7,1.4,1.7,252.0,14.823529411764707,29.0,7.163923457712155,49.3,148.7490852381663,24.771702,24.771701739782696,43.74973095240185,52.36154965729138,0.7098591549295775,87.4994619048037,49.54340347956539,1.7,1.7,0,,,,,,,,,,,,,1,0.836700,0.009700,0.516200,7,35,333,259,0,1,9.5143,1601.308408,1683.271611,ip_only,0,1,,,9.5143
lrsp_n017_f05_tight_s3,17,5,tight,3,1.7,1.4,1.7,319.0,18.764705882352942,29.0,5.906421348734691,49.3,212.1682041635305,24.508397,24.508396827719107,62.40241298927368,52.78913169277831,0.7168539325842697,124.80482597854736,49.016793655438214,1.7,1.7,0,,,,,,,,,,,,,1,0.888600,0.008500,0.809400,7,35,355,273,0,1,10.1429,1758.178676,1773.946003,ip_only,0,1,,,10.1429
lrsp_n018_f06_easy_s1,18,6,easy,1,4.0,3.0,4.0,371.0,20.61111111111111,30.0,8.076982996205183,120.0,332.51953584180296,21.626426,21.6264257755552,41.56494198022537,57.56392161717353,0.3324372759856631,83.12988396045074,43.2528515511104,4.0,4.0,0,,,,,,,,,,,,,0,,,,,,,,,,,,,both_to,0,0,,,
lrsp_n018_f06_easy_s2,18,6,easy,2,4.0,3.0,4.0,280.0,15.555555555555555,29.0,7.5881649239839435,116.0,365.1447425370863,22.429098,22.429098294017106,45.64309281713579,53.100316407645174,0.3333333333333333,91.28618563427158,44.85819658803421,4.0,4.0,0,,,,,,,,,,,,,0,,,,,,,,,,,,,both_to,0,0,,,
lrsp_n018_f06_easy_s3,18,6,easy,3,4.0,3.0,4.0,342.0,19.0,29.0,5.82141639885766,116.0,291.2664711271525,20.136042,20.136042176887578,36.40830889089406,51.112973112032755,0.3333333333333333,72.81661778178812,40.272084353775156,4.0,4.0,0,,,,,,,,,,,,,0,,,,,,,,,,,,,both_to,0,0,,,
lrsp_n018_f06_moderate_s1,18,6,moderate,1,2.5,2.0,2.5,371.0,20.61111111111111,30.0,8.076982996205183,75.0,207.82470990112685,21.626426,21.6264257755552,41.56494198022537,57.56392161717353,0.4986559139784946,83.12988396045074,43.2528515511104,2.5,2.5,0,,,,,,,,,,,,,1,34.638800,0.020300,30.183100,9,54,598,493,0,1,11.0741,1358.002022,1513.180477,ip_only,0,1,,,11.0741
lrsp_n018_f06_moderate_s2,18,6,moderate,2,2.5,2.0,2.5,280.0,15.555555555555555,29.0,7.5881649239839435,72.5,228.21546408567895,22.429098,22.429098294017106,45.64309281713579,53.100316407645174,0.5017921146953405,91.28618563427158,44.85819658803421,2.5,2.5,0,,,,,,,,,,,,,0,,,,,,,,,,,,,both_to,0,0,,,
lrsp_n018_f06_moderate_s3,18,6,moderate,3,2.5,2.0,2.5,342.0,19.0,29.0,5.82141639885766,72.5,182.0415444544703,20.136042,20.136042176887578,36.40830889089406,51.112973112032755,0.5,72.81661778178812,40.272084353775156,2.5,2.5,0,,,,,,,,,,,,,1,26.196000,0.021700,18.202300,10,60,647,546,0,1,10.7833,1233.222670,1436.237433,ip_only,0,1,,,10.7833
lrsp_n018_f06_tight_s1,18,6,tight,1,1.7,1.4,1.7,371.0,20.61111111111111,30.0,8.076982996205183,51.0,141.32080273276625,21.626426,21.6264257755552,41.56494198022537,57.56392161717353,0.710727969348659,83.12988396045074,43.2528515511104,1.7,1.7,1,0.310700,0.007500,0.156400,7,42,328,247,0,1,7.8095,1854.385528,1884.927114,1,0.300200,0.007600,0.152900,7,42,328,247,0,1,7.8095,1854.385528,1884.927114,ip,0,1,1.034977,0.0149,7.8095
lrsp_n018_f06_tight_s2,18,6,tight,2,1.7,1.4,1.7,280.0,15.555555555555555,29.0,7.5881649239839435,49.3,155.18651557826166,22.429098,22.429098294017106,45.64309281713579,53.100316407645174,0.717948717948718,91.28618563427158,44.85819658803421,1.6999999999999997,1.7,0,,,,,,,,,,,,,1,2.006700,0.010600,1.706900,8,48,508,404,0,1,10.5833,1734.793421,1805.324684,ip_only,0,1,,,10.5833
lrsp_n018_f06_tight_s3,18,6,tight,3,1.7,1.4,1.7,342.0,19.0,29.0,5.82141639885766,49.3,123.7882502290398,20.136042,20.136042176887578,36.40830889089406,51.112973112032755,0.7125,72.81661778178812,40.272084353775156,1.7,1.7,1,0.680600,0.008400,0.113100,7,42,306,233,0,1,7.2857,1714.213093,1773.528921,1,0.757100,0.012000,0.117500,7,42,306,233,0,1,7.2857,1714.213093,1773.528921,dp,1,0,0.898957,-0.0463,7.2857
lrsp_n019_f06_easy_s1,19,6,easy,1,4.0,3.0,4.0,385.0,20.263157894736842,30.0,7.998961151386163,120.0,613.0087552489292,32.765917,32.76591680737176,76.62609440611615,57.29129097992938,0.3342013888888889,153.2521888122323,65.53183361474352,4.0,4.0,0,,,,,,,,,,,,,0,,,,,,,,,,,,,both_to,0,0,,,
lrsp_n019_f06_easy_s2,19,6,easy,2,4.0,3.0,4.0,300.0,15.789473684210526,29.0,7.452155798074887,116.0,382.45080835994276,21.681685,21.681685134319448,47.806351044992844,51.89489285245909,0.3333333333333333,95.61270208998569,43.363370268638896,4.0,4.0,0,,,,,,,,,,,,,0,,,,,,,,,,,,,both_to,0,0,,,
lrsp_n019_f06_easy_s3,19,6,easy,3,4.0,3.0,4.0,347.0,18.263157894736842,29.0,6.471330337997768,116.0,652.3291139363497,40.124757,40.12475721675704,81.54113924204371,50.59942884849562,0.33237547892720304,163.08227848408742,80.24951443351408,4.0,4.0,0,,,,,,,,,,,,,0,,,,,,,,,,,,,both_to,0,0,,,
lrsp_n019_f06_moderate_s1,19,6,moderate,1,2.5,2.0,2.5,385.0,20.263157894736842,30.0,7.998961151386163,75.0,383.1304720305808,32.765917,32.76591680737176,76.62609440611615,57.29129097992938,0.5013020833333334,153.2521888122323,65.53183361474352,2.5,2.5,0,,,,,,,,,,,,,0,,,,,,,,,,,,,both_to,0,0,,,
lrsp_n019_f06_moderate_s2,19,6,moderate,2,2.5,2.0,2.5,300.0,15.789473684210526,29.0,7.452155798074887,72.5,239.03175522496423,21.681685,21.681685134319448,47.806351044992844,51.89489285245909,0.5,95.61270208998569,43.363370268638896,2.5,2.5,0,,,,,,,,,,,,,0,,,,,,,,,,,,,both_to,0,0,,,
lrsp_n019_f06_moderate_s3,19,6,moderate,3,2.5,2.0,2.5,347.0,18.263157894736842,29.0,6.471330337997768,72.5,407.70569621021855,40.124757,40.12475721675704,81.54113924204371,50.59942884849562,0.4985632183908046,163.08227848408742,80.24951443351408,2.5,2.5,0,,,,,,,,,,,,,0,,,,,,,,,,,,,both_to,0,0,,,
lrsp_n019_f06_tight_s1,19,6,tight,1,1.7,1.4,1.7,385.0,20.263157894736842,30.0,7.998961151386163,51.0,260.5287209807949,32.765917,32.76591680737176,76.62609440611615,57.29129097992938,0.7129629629629629,153.2521888122323,65.53183361474352,1.7,1.7,0,,,,,,,,,,,,,1,7.225100,0.014600,6.525700,10,60,690,576,0,1,11.5000,2765.772718,2824.728846,ip_only,0,1,,,11.5000
lrsp_n019_f06_tight_s2,19,6,tight,2,1.7,1.4,1.7,300.0,15.789473684210526,29.0,7.452155798074887,49.3,162.54159355297566,21.681685,21.681685134319448,47.806351044992844,51.89489285245909,0.7142857142857143,95.61270208998569,43.363370268638896,1.6999999999999997,1.7,0,,,,,,,,,,,,,1,2.945800,0.011700,2.807200,7,42,505,393,0,1,12.0238,1718.403344,1783.668506,ip_only,0,1,,,12.0238
lrsp_n019_f06_tight_s3,19,6,tight,3,1.7,1.4,1.7,347.0,18.263157894736842,29.0,6.471330337997768,49.3,277.2398734229486,40.124757,40.12475721675704,81.54113924204371,50.59942884849562,0.7139917695473251,163.08227848408742,80.24951443351408,1.7,1.7,0,,,,,,,,,,,,,1,10.401000,0.016600,9.594700,11,66,752,638,0,1,11.3939,3162.608396,3232.251767,ip_only,0,1,,,11.3939
lrsp_n020_f06_easy_s1,20,6,easy,1,4.0,3.0,4.0,405.0,20.25,30.0,7.7966338890575075,120.0,328.89490496046454,22.621877,22.62187670481594,41.11186312005807,57.02331677576958,0.3341584158415842,82.22372624011614,45.24375340963188,4.0,4.0,0,,,,,,,,,,,,,0,,,,,,,,,,,,,both_to,0,0,,,
lrsp_n020_f06_easy_s2,20,6,easy,2,4.0,3.0,4.0,321.0,16.05,29.0,7.3517004835616095,116.0,328.7983170291413,19.898214,19.898213663440234,41.09978962864266,51.43518902517619,0.334375,82.19957925728532,39.79642732688047,4.0,4.0,0,,,,,,,,,,,,,0,,,,,,,,,,,,,both_to,0,0,,,
lrsp_n020_f06_easy_s3,20,6,easy,3,4.0,3.0,4.0,373.0,18.65,29.0,6.528973885688317,116.0,378.01561904853907,22.637095,22.637094568005928,47.25195238106738,52.246992553988555,0.3342293906810036,94.50390476213477,45.274189136011856,4.0,4.0,0,,,,,,,,,,,,,0,,,,,,,,,,,,,both_to,0,0,,,
lrsp_n020_f06_moderate_s1,20,6,moderate,1,2.5,2.0,2.5,405.0,20.25,30.0,7.7966338890575075,75.0,205.55931560029035,22.621877,22.62187670481594,41.11186312005807,57.02331677576958,0.5,82.22372624011614,45.24375340963188,2.5,2.5,0,,,,,,,,,,,,,1,39.075600,0.011600,34.174500,3,18,408,288,0,1,22.6667,1574.172545,1814.741555,ip_only,0,1,,,22.6667
lrsp_n020_f06_moderate_s2,20,6,moderate,2,2.5,2.0,2.5,321.0,16.05,29.0,7.3517004835616095,72.5,205.4989481432133,19.898214,19.898213663440234,41.09978962864266,51.43518902517619,0.5,82.19957925728532,39.79642732688047,2.5,2.5,0,,,,,,,,,,,,,0,,,,,,,,,,,,,both_to,0,0,,,
lrsp_n020_f06_moderate_s3,20,6,moderate,3,2.5,2.0,2.5,373.0,18.65,29.0,6.528973885688317,72.5,236.25976190533692,22.637095,22.637094568005928,47.25195238106738,52.246992553988555,0.5013440860215054,94.50390476213477,45.274189136011856,2.5,2.5,0,,,,,,,,,,,,,0,,,,,,,,,,,,,both_to,0,0,,,
lrsp_n020_f06_tight_s1,20,6,tight,1,1.7,1.4,1.7,405.0,20.25,30.0,7.7966338890575075,51.0,139.78033460819742,22.621877,22.62187670481594,41.11186312005807,57.02331677576958,0.7180851063829787,82.22372624011614,45.24375340963188,1.7,1.7,1,0.246600,0.008200,0.209900,7,42,366,281,0,1,8.7143,1947.255890,1960.124286,1,0.244000,0.007900,0.207500,7,42,366,281,0,1,8.7143,1947.255890,1960.124286,ip,0,1,1.010656,0.0046,8.7143
lrsp_n020_f06_tight_s2,20,6,tight,2,1.7,1.4,1.7,321.0,16.05,29.0,7.3517004835616095,49.3,139.73928473738505,19.898214,19.898213663440234,41.09978962864266,51.43518902517619,0.7133333333333334,82.19957925728532,39.79642732688047,1.7,1.7,0,,,,,,,,,,,,,1,1.477200,0.012700,0.657800,7,42,432,330,0,1,10.2857,1643.983886,1718.384488,ip_only,0,1,,,10.2857
lrsp_n020_f06_tight_s3,20,6,tight,3,1.7,1.4,1.7,373.0,18.65,29.0,6.528973885688317,49.3,160.6566380956291,22.637095,22.637094568005928,47.25195238106738,52.246992553988555,0.7145593869731801,94.50390476213477,45.274189136011856,1.7,1.7,0,,,,,,,,,,,,,1,0.785800,0.011000,0.721300,6,36,413,305,0,1,11.4722,1955.554225,1976.216933,ip_only,0,1,,,11.4722
lrsp_n021_f07_easy_s1,21,7,easy,1,4.0,3.0,4.0,428.0,20.38095238095238,30.0,7.631240244180437,120.0,510.81445991805316,24.757111,24.75711056931876,63.851807489756645,56.79056344394707,0.33411397345823574,127.70361497951329,49.51422113863752,4.0,4.0,0,,,,,,,,,,,,,0,,,,,,,,,,,,,both_to,0,0,,,
lrsp_n021_f07_easy_s2,21,7,easy,2,4.0,3.0,4.0,340.0,16.19047619047619,29.0,7.201977556589828,116.0,332.2856036766781,17.53973,17.53972968626585,41.53570045958476,51.48565218620079,0.33268101761252444,83.07140091916952,35.0794593725317,4.0,4.0,0,,,,,,,,,,,,,0,,,,,,,,,,,,,both_to,0,0,,,
lrsp_n021_f07_easy_s3,21,7,easy,3,4.0,3.0,4.0,388.0,18.476190476190474,29.0,6.418863922763663,116.0,460.91183729701737,20.304565,20.30456505091833,57.61397966212717,51.43076667038625,0.33390705679862304,115.22795932425434,40.60913010183666,4.0,4.0,0,,,,,,,,,,,,,0,,,,,,,,,,,,,both_to,0,0,,,
lrsp_n021_f07_moderate_s1,21,7,moderate,1,2.5,2.0,2.5,428.0,20.38095238095238,30.0,7.631240244180437,75.0,319.2590374487832,24.757111,24.75711056931876,63.851807489756645,56.79056344394707,0.5011709601873536,127.70361497951329,49.51422113863752,2.5,2.5,0,,,,,,,,,,,,,0,,,,,,,,,,,,,both_to,0,0,,,
lrsp_n021_f07_moderate_s2,21,7,moderate,2,2.5,2.0,2.5,340.0,16.19047619047619,29.0,7.201977556589828,72.5,207.67850229792379,17.53973,17.53972968626585,41.53570045958476,51.48565218620079,0.5007363770250368,83.07140091916952,35.0794593725317,2.5,2.5,0,,,,,,,,,,,,,0,,,,,,,,,,,,,both_to,0,0,,,
lrsp_n021_f07_moderate_s3,21,7,moderate,3,2.5,2.0,2.5,388.0,18.476190476190474,29.0,6.418863922763663,72.5,288.06989831063584,20.304565,20.30456505091833,57.61397966212717,51.43076667038625,0.49935649935649934,115.22795932425434,40.60913010183666,2.5,2.5,0,,,,,,,,,,,,,0,,,,,,,,,,,,,both_to,0,0,,,
lrsp_n021_f07_tight_s1,21,7,tight,1,1.7,1.4,1.7,428.0,20.38095238095238,30.0,7.631240244180437,51.0,217.09614546517258,24.757111,24.75711056931876,63.851807489756645,56.79056344394707,0.7109634551495017,127.70361497951329,49.51422113863752,1.7,1.7,0,,,,,,,,,,,,,0,,,,,,,,,,,,,both_to,0,0,,,
lrsp_n021_f07_tight_s2,21,7,tight,2,1.7,1.4,1.7,340.0,16.19047619047619,29.0,7.201977556589828,49.3,141.2213815625882,17.53973,17.53972968626585,41.53570045958476,51.48565218620079,0.7142857142857143,83.07140091916952,35.0794593725317,1.7000000000000002,1.7,0,,,,,,,,,,,,,1,8.598500,0.016100,1.049600,7,49,464,351,0,1,9.4694,1559.428405,1784.291738,ip_only,0,1,,,9.4694
lrsp_n021_f07_tight_s3,21,7,tight,3,1.7,1.4,1.7,388.0,18.476190476190474,29.0,6.418863922763663,49.3,195.88753085123238,20.304565,20.30456505091833,57.61397966212717,51.43076667038625,0.7106227106227107,115.22795932425434,40.60913010183666,1.7,1.7,0,,,,,,,,,,,,,1,29.605400,0.014100,3.288000,8,56,532,391,0,1,9.5000,1881.574403,2116.222093,ip_only,0,1,,,9.5000
lrsp_n022_f07_easy_s1,22,7,easy,1,4.0,3.0,4.0,456.0,20.727272727272727,30.0,7.622823493727828,120.0,367.2976842363505,20.520279,20.520279264884763,45.91221052954381,56.43665452346825,0.33406593406593404,91.82442105908763,41.04055852976953,4.0,4.0,0,,,,,,,,,,,,,0,,,,,,,,,,,,,both_to,0,0,,,
lrsp_n022_f07_easy_s2,22,7,easy,2,4.0,3.0,4.0,363.0,16.5,29.0,7.177933356665223,116.0,313.96414604501484,19.800494,19.800494204763208,39.245518255626855,51.256298969204366,0.3324175824175824,78.49103651125371,39.600988409526416,4.0,4.0,0,,,,,,,,,,,,,0,,,,,,,,,,,,,both_to,0,0,,,
lrsp_n022_f07_easy_s3,22,7,easy,3,4.0,3.0,4.0,411.0,18.681818181818183,29.0,6.341682911401383,116.0,372.77958574309446,19.563623,19.563622761519046,46.59744821788681,52.73747163832062,0.3336038961038961,93.19489643577361,39.12724552303809,4.0,4.0,0,,,,,,,,,,,,,0,,,,,,,,,,,,,both_to,0,0,,,
lrsp_n022_f07_moderate_s1,22,7,moderate,1,2.5,2.0,2.5,456.0,20.727272727272727,30.0,7.622823493727828,75.0,229.56105264771907,20.520279,20.520279264884763,45.91221052954381,56.43665452346825,0.5010989010989011,91.82442105908763,41.04055852976953,2.5,2.5,0,,,,,,,,,,,,,0,,,,,,,,,,,,,both_to,0,0,,,
lrsp_n022_f07_moderate_s2,22,7,moderate,2,2.5,2.0,2.5,363.0,16.5,29.0,7.177933356665223,72.5,196.22759127813427,19.800494,19.800494204763208,39.245518255626855,51.256298969204366,0.49862637362637363,78.49103651125371,39.600988409526416,2.5,2.5,0,,,,,,,,,,,,,0,,,,,,,,,,,,,both_to,0,0,,,
lrsp_n022_f07_moderate_s3,22,7,moderate,3,2.5,2.0,2.5,411.0,18.681818181818183,29.0,6.341682911401383,72.5,232.98724108943404,19.563623,19.563622761519046,46.59744821788681,52.73747163832062,0.5018315018315018,93.19489643577361,39.12724552303809,2.5,2.5,0,,,,,,,,,,,,,0,,,,,,,,,,,,,both_to,0,0,,,
lrsp_n022_f07_tight_s1,22,7,tight,1,1.7,1.4,1.7,456.0,20.727272727272727,30.0,7.622823493727828,51.0,156.10151580044896,20.520279,20.520279264884763,45.91221052954381,56.43665452346825,0.7158555729984302,91.82442105908763,41.04055852976953,1.7,1.7,0,,,,,,,,,,,,,1,1.254100,0.011900,1.097900,7,49,416,280,0,1,8.4898,2092.843034,2146.837978,ip_only,0,1,,,8.4898
lrsp_n022_f07_tight_s2,22,7,tight,2,1.7,1.4,1.7,363.0,16.5,29.0,7.177933356665223,49.3,133.4347620691313,19.800494,19.800494204763208,39.245518255626855,51.256298969204366,0.7103718199608611,78.49103651125371,39.600988409526416,1.6999999999999997,1.7,0,,,,,,,,,,,,,0,,,,,,,,,,,,,both_to,0,0,,,
lrsp_n022_f07_tight_s3,22,7,tight,3,1.7,1.4,1.7,411.0,18.681818181818183,29.0,6.341682911401383,49.3,158.43132394081513,19.563623,19.563622761519046,46.59744821788681,52.73747163832062,0.7160278745644599,93.19489643577361,39.12724552303809,1.7,1.7,0,,,,,,,,,,,,,1,1.475400,0.009800,1.301600,7,49,436,305,0,1,8.8980,1973.814713,2050.189321,ip_only,0,1,,,8.8980
lrsp_n023_f07_easy_s1,23,7,easy,1,4.0,3.0,4.0,466.0,20.26086956521739,30.0,7.7696029292775926,120.0,226.19679117760305,16.996468,16.996468443165394,28.27459889720038,55.86242114580791,0.33285714285714285,56.54919779440076,33.99293688633079,4.0,4.0,0,,,,,,,,,,,,,0,,,,,,,,,,,,,both_to,0,0,,,
lrsp_n023_f07_easy_s2,23,7,easy,2,4.0,3.0,4.0,382.0,16.608695652173914,29.0,7.038645685164544,116.0,427.04149719730384,22.070904,22.070904359470696,53.38018714966298,50.177596699905564,0.3327526132404181,106.76037429932596,44.14180871894139,4.0,4.0,0,,,,,,,,,,,,,0,,,,,,,,,,,,,both_to,0,0,,,
lrsp_n023_f07_easy_s3,23,7,easy,3,4.0,3.0,4.0,436.0,18.956521739130434,29.0,6.334709497951777,116.0,206.0006919533483,15.018057,15.018056524036819,25.75008649416854,52.56959967104882,0.3330786860198625,51.50017298833708,30.036113048073638,4.0,4.0,0,,,,,,,,,,,,,0,,,,,,,,,,,,,both_to,0,0,,,
lrsp_n023_f07_moderate_s1,23,7,moderate,1,2.5,2.0,2.5,466.0,20.26086956521739,30.0,7.7696029292775926,75.0,141.37299448600191,16.996468,16.996468443165394,28.27459889720038,55.86242114580791,0.5005370569280344,56.54919779440076,33.99293688633079,2.5,2.5,1,8.954900,0.027800,6.730300,9,63,652,533,0,1,10.3492,1338.592918,1398.407741,1,6.465300,0.022900,4.987000,9,63,652,533,0,1,10.3492,1338.592918,1398.407741,ip,0,1,1.385071,0.1415,10.3492
lrsp_n023_f07_moderate_s2,23,7,moderate,2,2.5,2.0,2.5,382.0,16.608695652173914,29.0,7.038645685164544,72.5,266.9009357483149,22.070904,22.070904359470696,53.38018714966298,50.177596699905564,0.5006553079947575,106.76037429932596,44.14180871894139,2.5,2.5,0,,,,,,,,,,,,,0,,,,,,,,,,,,,both_to,0,0,,,
lrsp_n023_f07_moderate_s3,23,7,moderate,3,2.5,2.0,2.5,436.0,18.956521739130434,29.0,6.334709497951777,72.5,128.7504324708427,15.018057,15.018056524036819,25.75008649416854,52.56959967104882,0.4982857142857143,51.50017298833708,30.036113048073638,2.5,2.5,1,4.318800,0.017000,3.226100,9,63,494,403,0,1,7.8413,1252.004904,1312.580357,1,4.553800,0.018400,3.441100,9,63,494,403,0,1,7.8413,1252.004904,1312.580357,dp,1,0,0.948395,-0.0230,7.8413
lrsp_n023_f07_tight_s1,23,7,tight,1,1.7,1.4,1.7,466.0,20.26086956521739,30.0,7.7696029292775926,51.0,96.13363625048129,16.996468,16.996468443165394,28.27459889720038,55.86242114580791,0.7158218125960062,56.54919779440076,33.99293688633079,1.7,1.7,1,0.083400,0.006900,0.030700,5,35,270,198,0,1,7.7143,1772.484699,1785.296345,1,0.085000,0.007100,0.031800,5,35,270,198,0,1,7.7143,1772.484699,1785.296345,dp,1,0,0.981176,-0.0083,7.7143
lrsp_n023_f07_tight_s2,23,7,tight,2,1.7,1.4,1.7,382.0,16.608695652173914,29.0,7.038645685164544,49.3,181.49263630885412,22.070904,22.070904359470696,53.38018714966298,50.177596699905564,0.7180451127819549,106.76037429932596,44.14180871894139,1.7,1.7,0,,,,,,,,,,,,,1,32.437600,0.025100,31.803300,10,70,762,602,0,1,10.8857,2156.985730,2231.919362,ip_only,0,1,,,10.8857
lrsp_n023_f07_tight_s3,23,7,tight,3,1.7,1.4,1.7,436.0,18.956521739130434,29.0,6.334709497951777,49.3,87.55029408017303,15.018057,15.018056524036819,25.75008649416854,52.56959967104882,0.715927750410509,51.50017298833708,30.036113048073638,1.7,1.7,1,0.059700,0.006700,0.019600,4,28,180,127,0,1,6.4286,1647.997672,1693.300379,1,0.061800,0.006300,0.020900,4,28,180,127,0,1,6.4286,1647.997672,1693.300379,dp,1,0,0.966019,-0.0150,6.4286
lrsp_n024_f08_easy_s1,24,8,easy,1,4.0,3.0,4.0,495.0,20.625,30.0,7.803911946368095,120.0,357.49309895910153,19.590797,19.590796763909527,44.68663736988769,55.21225458510037,0.3326612903225806,89.37327473977538,39.181593527819054,4.0,4.0,0,,,,,,,,,,,,,0,,,,,,,,,,,,,both_to,0,0,,,
lrsp_n024_f08_easy_s2,24,8,easy,2,4.0,3.0,4.0,397.0,16.541666666666668,29.0,6.897941520643838,116.0,317.88823920580285,19.172982,19.172982209286236,39.736029900725356,50.20423847901195,0.33305369127516776,79.47205980145071,38.34596441857247,4.0,4.0,0,,,,,,,,,,,,,0,,,,,,,,,,,,,both_to,0,0,,,
lrsp_n024_f08_easy_s3,24,8,easy,3,4.0,3.0,4.0,450.0,18.75,29.0,6.279928343540235,116.0,414.36985369584613,22.974021,22.974021174547445,51.79623171198077,52.34732033042604,0.3328402366863905,103.59246342396153,45.94804234909489,4.0,4.0,0,,,,,,,,,,,,,0,,,,,,,,,,,,,both_to,0,0,,,
lrsp_n024_f08_moderate_s1,24,8,moderate,1,2.5,2.0,2.5,495.0,20.625,30.0,7.803911946368095,75.0,223.43318684943847,19.590797,19.590796763909527,44.68663736988769,55.21225458510037,0.49899193548387094,89.37327473977538,39.181593527819054,2.5,2.5,0,,,,,,,,,,,,,0,,,,,,,,,,,,,both_to,0,0,,,
lrsp_n024_f08_moderate_s2,24,8,moderate,2,2.5,2.0,2.5,397.0,16.541666666666668,29.0,6.897941520643838,72.5,198.68014950362678,19.172982,19.172982209286236,39.736029900725356,50.20423847901195,0.5012626262626263,79.47205980145071,38.34596441857247,2.5,2.5,0,,,,,,,,,,,,,0,,,,,,,,,,,,,both_to,0,0,,,
lrsp_n024_f08_moderate_s3,24,8,moderate,3,2.5,2.0,2.5,450.0,18.75,29.0,6.279928343540235,72.5,258.98115855990386,22.974021,22.974021174547445,51.79623171198077,52.34732033042604,0.5022321428571429,103.59246342396153,45.94804234909489,2.5000000000000004,2.5,0,,,,,,,,,,,,,0,,,,,,,,,,,,,both_to,0,0,,,
lrsp_n024_f08_tight_s1,24,8,tight,1,1.7,1.4,1.7,495.0,20.625,30.0,7.803911946368095,51.0,151.93456705761815,19.590797,19.590796763909527,44.68663736988769,55.21225458510037,0.7112068965517241,89.37327473977538,39.181593527819054,1.7,1.7,0,,,,,,,,,,,,,1,7.379900,0.008900,1.035400,9,72,626,461,0,1,8.6944,2070.847722,2242.498231,ip_only,0,1,,,8.6944
lrsp_n024_f08_tight_s2,24,8,tight,2,1.7,1.4,1.7,397.0,16.541666666666668,29.0,6.897941520643838,49.3,135.1025016624662,19.172982,19.172982209286236,39.736029900725356,50.20423847901195,0.7192028985507246,79.47205980145071,38.34596441857247,1.7,1.7,0,,,,,,,,,,,,,1,5.673100,0.010400,1.017700,6,48,553,381,0,1,11.5208,1883.057394,2062.206940,ip_only,0,1,,,11.5208
lrsp_n024_f08_tight_s3,24,8,tight,3,1.7,1.4,1.7,450.0,18.75,29.0,6.279928343540235,49.3,176.1071878207346,22.974021,22.974021174547445,51.79623171198077,52.34732033042604,0.7120253164556962,103.59246342396153,45.94804234909489,1.7,1.7,0,,,,,,,,,,,,,1,3.020000,0.010200,2.678500,8,64,612,437,0,1,9.5625,2361.639965,2502.812085,ip_only,0,1,,,9.5625
lrsp_n025_f08_easy_s1,25,8,easy,1,4.0,3.0,4.0,514.0,20.56,30.0,7.6528687431576925,120.0,238.56566531567668,16.913213,16.913212660302296,29.820708164459585,54.48986702505257,0.3329015544041451,59.64141632891917,33.82642532060459,4.0,4.0,0,,,,,,,,,,,,,0,,,,,,,,,,,,,both_to,0,0,,,
lrsp_n025_f08_easy_s2,25,8,easy,2,4.0,3.0,4.0,421.0,16.84,29.0,6.914795730894731,116.0,273.48601066065544,18.399877,18.399876968537843,34.18575133258193,49.82287585890005,0.33306962025316456,68.37150266516386,36.799753937075685,4.0,4.0,0,,,,,,,,,,,,,0,,,,,,,,,,,,,both_to,0,0,,,
lrsp_n025_f08_easy_s3,25,8,easy,3,4.0,3.0,4.0,475.0,19.0,29.0,6.273754856543249,116.0,293.83144504183775,16.528366,16.528366115400093,36.72893063022972,52.16549436965822,0.3335674157303371,73.45786126045944,33.056732230800186,4.0,4.0,0,,,,,,,,,,,,,0,,,,,,,,,,,,,both_to,0,0,,,
lrsp_n025_f08_moderate_s1,25,8,moderate,1,2.5,2.0,2.5,514.0,20.56,30.0,7.6528687431576925,75.0,149.10354082229793,16.913213,16.913212660302296,29.820708164459585,54.48986702505257,0.501953125,59.64141632891917,33.82642532060459,2.5,2.5,1,13.245200,0.014400,13.007200,11,88,876,720,0,1,9.9545,1510.187820,1559.706877,1,12.949500,0.014900,12.717400,11,88,876,720,0,1,9.9545,1510.187820,1559.706877,ip,0,1,1.022835,0.0098,9.9545
lrsp_n025_f08_moderate_s2,25,8,moderate,2,2.5,2.0,2.5,421.0,16.84,29.0,6.914795730894731,72.5,170.92875666290965,18.399877,18.399876968537843,34.18575133258193,49.82287585890005,0.5011904761904762,68.37150266516386,36.799753937075685,2.5,2.5,0,,,,,,,,,,,,,0,,,,,,,,,,,,,both_to,0,0,,,
lrsp_n025_f08_moderate_s3,25,8,moderate,3,2.5,2.0,2.5,475.0,19.0,29.0,6.273754856543249,72.5,183.6446531511486,16.528366,16.528366115400093,36.72893063022972,52.16549436965822,0.4989495798319328,73.45786126045944,33.056732230800186,2.5,2.5,0,,,,,,,,,,,,,1,39.649000,0.006800,35.539200,2,16,437,256,0,1,27.3125,1658.096303,1815.433793,ip_only,0,1,,,27.3125
lrsp_n025_f08_tight_s1,25,8,tight,1,1.7,1.4,1.7,514.0,20.56,30.0,7.6528687431576925,51.0,101.39040775916258,16.913213,16.913212660302296,29.820708164459585,54.48986702505257,0.7138888888888889,59.64141632891917,33.82642532060459,1.7,1.7,1,1.147900,0.005900,0.054200,7,56,389,292,0,1,6.9464,1837.039189,1927.786233,1,1.142500,0.007000,0.053700,7,56,389,292,0,1,6.9464,1837.039189,1927.786233,ip,0,1,1.004726,0.0020,6.9464
lrsp_n025_f08_tight_s2,25,8,tight,2,1.7,1.4,1.7,421.0,16.84,29.0,6.914795730894731,49.3,116.23155453077855,18.399877,18.399876968537843,34.18575133258193,49.82287585890005,0.7111486486486487,68.37150266516386,36.799753937075685,1.7,1.7,1,1.435700,0.008200,0.250400,8,64,528,392,0,1,8.2500,1861.192086,2014.706940,1,1.423100,0.008100,0.236500,8,64,528,392,0,1,8.2500,1861.192086,2014.706940,ip,0,1,1.008854,0.0038,8.2500
lrsp_n025_f08_tight_s3,25,8,tight,3,1.7,1.4,1.7,475.0,19.0,29.0,6.273754856543249,49.3,124.87836414278104,16.528366,16.528366115400093,36.72893063022972,52.16549436965822,0.7153614457831325,73.45786126045944,33.056732230800186,1.7,1.7,1,0.230300,0.007200,0.166500,7,56,433,317,0,1,7.7321,1816.084847,1862.478460,1,0.222000,0.007200,0.159500,7,56,433,317,0,1,7.7321,1816.084847,1862.478460,ip,0,1,1.037387,0.0159,7.7321
lrsp_n026_f08_easy_s1,26,8,easy,1,4.0,3.0,4.0,524.0,20.153846153846153,30.0,7.77417968807547,120.0,312.6895165149328,20.125679,20.125679453795478,39.0861895643666,54.96017102439692,0.33418367346938777,78.1723791287332,40.251358907590955,4.0,4.0,0,,,,,,,,,,,,,0,,,,,,,,,,,,,both_to,0,0,,,
lrsp_n026_f08_easy_s2,26,8,easy,2,4.0,3.0,4.0,435.0,16.73076923076923,29.0,6.802475184743657,116.0,317.88823920580285,18.233178,18.23317775602848,39.736029900725356,50.212266101619875,0.33358895705521474,79.47205980145071,36.46635551205696,4.0,4.0,0,,,,,,,,,,,,,0,,,,,,,,,,,,,both_to,0,0,,,
lrsp_n026_f08_easy_s3,26,8,easy,3,4.0,3.0,4.0,505.0,19.423076923076923,30.0,6.505459700679097,120.0,460.329813950006,18.936646,18.936646017263605,57.54122674375075,54.220256382512396,0.333994708994709,115.0824534875015,37.87329203452721,4.0,4.0,0,,,,,,,,,,,,,0,,,,,,,,,,,,,both_to,0,0,,,
lrsp_n026_f08_moderate_s1,26,8,moderate,1,2.5,2.0,2.5,524.0,20.153846153846153,30.0,7.77417968807547,75.0,195.430947821833,20.125679,20.125679453795478,39.0861895643666,54.96017102439692,0.5,78.1723791287332,40.251358907590955,2.5,2.5,0,,,,,,,,,,,,,0,,,,,,,,,,,,,both_to,0,0,,,
lrsp_n026_f08_moderate_s2,26,8,moderate,2,2.5,2.0,2.5,435.0,16.73076923076923,29.0,6.802475184743657,72.5,198.68014950362678,18.233178,18.23317775602848,39.736029900725356,50.212266101619875,0.4988532110091743,79.47205980145071,36.46635551205696,2.5,2.5,0,,,,,,,,,,,,,0,,,,,,,,,,,,,both_to,0,0,,,
lrsp_n026_f08_moderate_s3,26,8,moderate,3,2.5,2.0,2.5,505.0,19.423076923076923,30.0,6.505459700679097,75.0,287.70613371875373,18.936646,18.936646017263605,57.54122674375075,54.220256382512396,0.5009920634920635,115.0824534875015,37.87329203452721,2.5,2.5,0,,,,,,,,,,,,,0,,,,,,,,,,,,,both_to,0,0,,,
lrsp_n026_f08_tight_s1,26,8,tight,1,1.7,1.4,1.7,524.0,20.153846153846153,30.0,7.77417968807547,51.0,132.89304451884644,20.125679,20.125679453795478,39.0861895643666,54.96017102439692,0.7119565217391305,78.1723791287332,40.251358907590955,1.7,1.7,1,2.596400,0.007300,0.187100,6,48,550,408,0,1,11.4583,2152.947193,2256.747179,1,2.582300,0.007500,0.179500,6,48,550,408,0,1,11.4583,2152.947193,2256.747179,ip,0,1,1.005460,0.0024,11.4583
lrsp_n026_f08_tight_s2,26,8,tight,2,1.7,1.4,1.7,435.0,16.73076923076923,29.0,6.802475184743657,49.3,135.1025016624662,18.233178,18.23317775602848,39.736029900725356,50.212266101619875,0.7154605263157895,79.47205980145071,36.46635551205696,1.7,1.7,0,,,,,,,,,,,,,1,2.095100,0.007800,1.091700,7,56,617,443,0,1,11.0179,1854.430353,1962.621221,ip_only,0,1,,,11.0179
lrsp_n026_f08_tight_s3,26,8,tight,3,1.7,1.4,1.7,505.0,19.423076923076923,30.0,6.505459700679097,51.0,195.64017092875253,18.936646,18.936646017263605,57.54122674375075,54.220256382512396,0.7173295454545454,115.0824534875015,37.87329203452721,1.6999999999999997,1.7,0,,,,,,,,,,,,,1,6.271000,0.008100,6.092700,8,64,625,428,0,1,9.7656,2083.070209,2130.008136,ip_only,0,1,,,9.7656
lrsp_n027_f09_easy_s1,27,9,easy,1,4.0,3.0,4.0,544.0,20.14814814814815,30.0,7.62891042996459,120.0,375.2958324641548,17.560873,17.56087279587547,46.91197905801935,54.020212742720496,0.33394720687538365,93.8239581160387,35.12174559175094,4.0,4.0,0,,,,,,,,,,,,,0,,,,,,,,,,,,,both_to,0,0,,,
lrsp_n027_f09_easy_s2,27,9,easy,2,4.0,3.0,4.0,456.0,16.88888888888889,29.0,6.723829009069897,116.0,243.87193323345153,19.113776,19.11377639774671,30.48399165418144,49.967624774744515,0.3333333333333333,60.96798330836288,38.22755279549342,4.0,4.0,0,,,,,,,,,,,,,0,,,,,,,,,,,,,both_to,0,0,,,
lrsp_n027_f09_easy_s3,27,9,easy,3,4.0,3.0,4.0,510.0,18.88888888888889,30.0,6.9406656385517405,120.0,269.9761129896662,17.939473,17.93947292098504,33.747014123708276,54.778619902546524,0.3333333333333333,67.49402824741655,35.87894584197008,4.0,4.0,0,,,,,,,,,,,,,0,,,,,,,,,,,,,both_to,0,0,,,
lrsp_n027_f09_moderate_s1,27,9,moderate,1,2.5,2.0,2.5,544.0,20.14814814814815,30.0,7.62891042996459,75.0,234.55989529009673,17.560873,17.56087279587547,46.91197905801935,54.020212742720496,0.4995408631772268,93.8239581160387,35.12174559175094,2.5,2.5,0,,,,,,,,,,,,,0,,,,,,,,,,,,,both_to,0,0,,,
lrsp_n027_f09_moderate_s2,27,9,moderate,2,2.5,2.0,2.5,456.0,16.88888888888889,29.0,6.723829009069897,72.5,152.41995827090722,19.113776,19.11377639774671,30.48399165418144,49.967624774744515,0.5016501650165016,60.96798330836288,38.22755279549342,2.5,2.5,0,,,,,,,,,,,,,1,39.430900,0.007600,38.313400,3,27,640,432,0,1,23.7037,1832.367235,1967.537083,ip_only,0,1,,,23.7037
lrsp_n027_f09_moderate_s3,27,9,moderate,3,2.5,2.0,2.5,510.0,18.88888888888889,30.0,6.9406656385517405,75.0,168.73507061854139,17.939473,17.93947292098504,33.747014123708276,54.778619902546524,0.5014749262536873,67.49402824741655,35.87894584197008,2.5,2.5,0,,,,,,,,,,,,,0,,,,,,,,,,,,,both_to,0,0,,,
lrsp_n027_f09_tight_s1,27,9,tight,1,1.7,1.4,1.7,544.0,20.14814814814815,30.0,7.62891042996459,51.0,159.5007287972658,17.560873,17.56087279587547,46.91197905801935,54.020212742720496,0.7111111111111111,93.8239581160387,35.12174559175094,1.7000000000000002,1.7,0,,,,,,,,,,,,,1,3.090900,0.009000,2.307200,8,72,767,559,0,1,10.6528,2054.140622,2112.657085,ip_only,0,1,,,10.6528
lrsp_n027_f09_tight_s2,27,9,tight,2,1.7,1.4,1.7,456.0,16.88888888888889,29.0,6.723829009069897,49.3,103.6455716242169,19.113776,19.11377639774671,30.48399165418144,49.967624774744515,0.7136150234741784,60.96798330836288,38.22755279549342,1.7,1.7,1,1.022800,0.007100,0.096800,6,54,561,422,0,1,10.3889,2199.950003,2313.001613,1,1.013200,0.007200,0.094700,6,54,561,422,0,1,10.3889,2199.950003,2313.001613,ip,0,1,1.009475,0.0041,10.3889
lrsp_n027_f09_tight_s3,27,9,tight,3,1.7,1.4,1.7,510.0,18.88888888888889,30.0,6.9406656385517405,51.0,114.73984802060814,17.939473,17.93947292098504,33.747014123708276,54.778619902546524,0.7172995780590717,67.49402824741655,35.87894584197008,1.7,1.7,1,0.305300,0.005900,0.152700,7,63,405,284,0,1,6.4286,2126.751507,2253.427600,1,0.302100,0.006000,0.149900,7,63,405,284,0,1,6.4286,2126.751507,2253.427600,ip,0,1,1.010593,0.0046,6.4286
lrsp_n028_f09_easy_s1,28,9,easy,1,4.0,3.0,4.0,558.0,19.928571428571427,30.0,7.577827484692107,120.0,394.44369984330876,19.027393,19.02739314624748,49.305462480413595,53.19218261675598,0.3333333333333333,98.61092496082719,38.05478629249496,4.0,4.0,0,,,,,,,,,,,,,0,,,,,,,,,,,,,both_to,0,0,,,
lrsp_n028_f09_easy_s2,28,9,easy,2,4.0,3.0,4.0,480.0,17.142857142857142,29.0,6.733255876162553,116.0,216.6214712511099,17.625939,17.625939186136883,27.07768390638874,49.097099232261534,0.3333333333333333,54.15536781277748,35.251878372273765,4.0,4.0,0,,,,,,,,,,,,,0,,,,,,,,,,,,,both_to,0,0,,,
lrsp_n028_f09_easy_s3,28,9,easy,3,4.0,3.0,4.0,518.0,18.5,30.0,7.108847606026893,120.0,400.96834763790105,18.9711,18.971099565074116,50.12104345473763,53.97304290095607,0.33269107257546565,100.24208690947526,37.94219913014823,4.0,4.0,0,,,,,,,,,,,,,0,,,,,,,,,,,,,both_to,0,0,,,
lrsp_n028_f09_moderate_s1,28,9,moderate,1,2.5,2.0,2.5,558.0,19.928571428571427,30.0,7.577827484692107,75.0,246.527312402068,19.027393,19.02739314624748,49.305462480413595,53.19218261675598,0.5,98.61092496082719,38.05478629249496,2.5,2.5,0,,,,,,,,,,,,,0,,,,,,,,,,,,,both_to,0,0,,,
lrsp_n028_f09_moderate_s2,28,9,moderate,2,2.5,2.0,2.5,480.0,17.142857142857142,29.0,6.733255876162553,72.5,135.3884195319437,17.625939,17.625939186136883,27.07768390638874,49.097099232261534,0.4984423676012461,54.15536781277748,35.251878372273765,2.5,2.5,1,16.812000,0.025700,16.129100,11,99,1012,838,0,1,10.2222,1557.023920,1679.199231,1,16.303300,0.027100,15.591100,11,99,1012,838,0,1,10.2222,1557.023920,1679.199231,ip,0,1,1.031202,0.0133,10.2222
lrsp_n028_f09_moderate_s3,28,9,moderate,3,2.5,2.0,2.5,518.0,18.5,30.0,7.108847606026893,75.0,250.60521727368814,18.9711,18.971099565074116,50.12104345473763,53.97304290095607,0.5004830917874397,100.24208690947526,37.94219913014823,2.5,2.5,0,,,,,,,,,,,,,0,,,,,,,,,,,,,both_to,0,0,,,
lrsp_n028_f09_tight_s1,28,9,tight,1,1.7,1.4,1.7,558.0,19.928571428571427,30.0,7.577827484692107,51.0,167.6385724334062,19.027393,19.02739314624748,49.305462480413595,53.19218261675598,0.7126436781609196,98.61092496082719,38.05478629249496,1.7,1.7,0,,,,,,,,,,,,,1,5.889800,0.007400,4.251300,7,63,644,414,0,1,10.2222,2296.421354,2434.765273,ip_only,0,1,,,10.2222
lrsp_n028_f09_tight_s2,28,9,tight,2,1.7,1.4,1.7,480.0,17.142857142857142,29.0,6.733255876162553,49.3,92.06412528172172,17.625939,17.625939186136883,27.07768390638874,49.097099232261534,0.7111111111111111,54.15536781277748,35.251878372273765,1.7,1.7,1,1.043800,0.005600,0.046600,6,54,417,315,0,1,7.7222,2114.288807,2250.840035,1,1.037600,0.005500,0.046600,6,54,417,315,0,1,7.7222,2114.288807,2250.840035,ip,0,1,1.005975,0.0026,7.7222
lrsp_n028_f09_tight_s3,28,9,tight,3,1.7,1.4,1.7,518.0,18.5,30.0,7.108847606026893,51.0,170.41154774610794,18.9711,18.971099565074116,50.12104345473763,53.97304290095607,0.710562414266118,100.24208690947526,37.94219913014823,1.7,1.7,0,,,,,,,,,,,,,1,9.303900,0.011300,9.162600,9,81,741,536,0,1,9.1481,2283.291822,2346.025480,ip_only,0,1,,,9.1481
lrsp_n029_f09_easy_s1,29,9,easy,1,4.0,3.0,4.0,581.0,20.03448275862069,30.0,7.467089903638035,120.0,300.21702496946057,16.914204,16.91420361555808,37.52712812118257,53.47537200676927,0.33276059564719357,75.05425624236514,33.82840723111616,4.0,4.0,0,,,,,,,,,,,,,0,,,,,,,,,,,,,both_to,0,0,,,
lrsp_n029_f09_easy_s2,29,9,easy,2,4.0,3.0,4.0,491.0,16.93103448275862,29.0,6.7104192503935485,116.0,259.2505265779357,17.503663,17.503662559805512,32.406315822241964,48.763247066596385,0.3326558265582656,64.81263164448393,35.007325119611025,4.0,4.0,0,,,,,,,,,,,,,0,,,,,,,,,,,,,both_to,0,0,,,
lrsp_n029_f09_easy_s3,29,9,easy,3,4.0,3.0,4.0,524.0,18.06896551724138,30.0,7.348145599906934,120.0,563.5879657092088,20.312021,20.312020763278525,70.4484957136511,53.88799373769009,0.3326984126984127,140.8969914273022,40.62404152655705,4.0,4.0,0,,,,,,,,,,,,,0,,,,,,,,,,,,,both_to,0,0,,,
lrsp_n029_f09_moderate_s1,29,9,moderate,1,2.5,2.0,2.5,581.0,20.03448275862069,30.0,7.467089903638035,75.0,187.63564060591284,16.914204,16.91420361555808,37.52712812118257,53.47537200676927,0.5004306632213609,75.05425624236514,33.82840723111616,2.5,2.5,0,,,,,,,,,,,,,0,,,,,,,,,,,,,both_to,0,0,,,
lrsp_n029_f09_moderate_s2,29,9,moderate,2,2.5,2.0,2.5,491.0,16.93103448275862,29.0,6.7104192503935485,72.5,162.03157911120982,17.503663,17.503662559805512,32.406315822241964,48.763247066596385,0.5005096839959225,64.81263164448393,35.007325119611025,2.5,2.5,0,,,,,,,,,,,,,0,,,,,,,,,,,,,both_to,0,0,,,
lrsp_n029_f09_moderate_s3,29,9,moderate,3,2.5,2.0,2.5,524.0,18.06896551724138,30.0,7.348145599906934,75.0,352.2424785682555,20.312021,20.312020763278525,70.4484957136511,53.88799373769009,0.5019157088122606,140.8969914273022,40.62404152655705,2.5,2.5,0,,,,,,,,,,,,,0,,,,,,,,,,,,,both_to,0,0,,,
lrsp_n029_f09_tight_s1,29,9,tight,1,1.7,1.4,1.7,581.0,20.03448275862069,30.0,7.467089903638035,51.0,127.59223561202074,16.914204,16.91420361555808,37.52712812118257,53.47537200676927,0.717283950617284,75.05425624236514,33.82840723111616,1.7,1.7,1,0.999800,0.007700,0.486100,7,63,571,392,0,1,9.0635,2112.884226,2189.020376,1,0.971600,0.007500,0.463400,7,63,571,392,0,1,9.0635,2112.884226,2189.020376,ip,0,1,1.029024,0.0124,9.0635
lrsp_n029_f09_tight_s2,29,9,tight,2,1.7,1.4,1.7,491.0,16.93103448275862,29.0,6.7104192503935485,49.3,110.18147379562268,17.503663,17.503662559805512,32.406315822241964,48.763247066596385,0.7178362573099415,64.81263164448393,35.007325119611025,1.7,1.7,1,0.626000,0.007900,0.294300,7,63,559,412,0,1,8.8730,2053.832762,2181.040860,1,0.614200,0.008200,0.285400,7,63,559,412,0,1,8.8730,2053.832762,2181.040860,ip,0,1,1.019212,0.0083,8.8730
lrsp_n029_f09_tight_s3,29,9,tight,3,1.7,1.4,1.7,524.0,18.06896551724138,30.0,7.348145599906934,51.0,239.52488542641373,20.312021,20.312020763278525,70.4484957136511,53.88799373769009,0.7100271002710027,140.8969914273022,40.62404152655705,1.7,1.7,0,,,,,,,,,,,,,1,39.537500,0.003700,38.973300,1,9,402,144,0,1,44.6667,2850.403680,2934.339581,ip_only,0,1,,,44.6667
lrsp_n030_f10_easy_s1,30,10,easy,1,4.0,3.0,4.0,591.0,19.7,30.0,7.559320957158343,120.0,459.58704659886695,17.921377,17.921377325023375,57.44838082485837,52.50887220831886,0.3338983050847458,114.89676164971674,35.84275465004675,4.0,4.0,0,,,,,,,,,,,,,0,,,,,,,,,,,,,both_to,0,0,,,
lrsp_n030_f10_easy_s2,30,10,easy,2,4.0,3.0,4.0,517.0,17.233333333333334,29.0,6.79550505031737,116.0,284.6550274559312,18.136331,18.136331446553747,35.5818784319914,48.253248318762736,0.3335483870967742,71.1637568639828,36.272662893107494,4.0,4.0,0,,,,,,,,,,,,,0,,,,,,,,,,,,,both_to,0,0,,,
lrsp_n030_f10_easy_s3,30,10,easy,3,4.0,3.0,4.0,546.0,18.2,30.0,7.259017380701973,120.0,243.1184639348854,16.137944,16.137944106557963,30.389807991860675,52.83327997935282,0.3329268292682927,60.77961598372135,32.27588821311593,4.0,4.0,0,,,,,,,,,,,,,0,,,,,,,,,,,,,both_to,0,0,,,
lrsp_n030_f10_moderate_s1,30,10,moderate,1,2.5,2.0,2.5,591.0,19.7,30.0,7.559320957158343,75.0,287.24190412429186,17.921377,17.921377325023375,57.44838082485837,52.50887220831886,0.5008474576271187,114.89676164971674,35.84275465004675,2.5,2.5,0,,,,,,,,,,,,,0,,,,,,,,,,,,,both_to,0,0,,,
lrsp_n030_f10_moderate_s2,30,10,moderate,2,2.5,2.0,2.5,517.0,17.233333333333334,29.0,6.79550505031737,72.5,177.909392159957,18.136331,18.136331446553747,35.5818784319914,48.253248318762736,0.5019417475728155,71.1637568639828,36.272662893107494,2.5,2.5,0,,,,,,,,,,,,,0,,,,,,,,,,,,,both_to,0,0,,,
lrsp_n030_f10_moderate_s3,30,10,moderate,3,2.5,2.0,2.5,546.0,18.2,30.0,7.259017380701973,75.0,151.94903995930338,16.137944,16.137944106557963,30.389807991860675,52.83327997935282,0.5009174311926605,60.77961598372135,32.27588821311593,2.5,2.5,0,,,,,,,,,,,,,0,,,,,,,,,,,,,both_to,0,0,,,
lrsp_n030_f10_tight_s1,30,10,tight,1,1.7,1.4,1.7,591.0,19.7,30.0,7.559320957158343,51.0,195.32449480451845,17.921377,17.921377325023375,57.44838082485837,52.50887220831886,0.7120481927710843,114.89676164971674,35.84275465004675,1.7,1.7,0,,,,,,,,,,,,,1,25.739100,0.010300,24.955400,8,80,889,604,0,1,11.1125,2424.007579,2581.306833,ip_only,0,1,,,11.1125
lrsp_n030_f10_tight_s2,30,10,tight,2,1.7,1.4,1.7,517.0,17.233333333333334,29.0,6.79550505031737,49.3,120.97838666877075,18.136331,18.136331446553747,35.5818784319914,48.253248318762736,0.7180555555555556,71.1637568639828,36.272662893107494,1.7,1.7,1,1.066900,0.010600,0.534300,8,80,711,521,0,1,8.8875,2377.762223,2495.974586,1,1.046300,0.010600,0.512600,8,80,711,521,0,1,8.8875,2377.762223,2495.974586,ip,0,1,1.019688,0.0085,8.8875
lrsp_n030_f10_tight_s3,30,10,tight,3,1.7,1.4,1.7,546.0,18.2,30.0,7.259017380701973,51.0,103.32534717232629,16.137944,16.137944106557963,30.389807991860675,52.83327997935282,0.718421052631579,60.77961598372135,32.27588821311593,1.7,1.7,1,0.408300,0.007300,0.231800,6,60,501,361,0,1,8.3500,2145.605509,2233.892837,1,0.402600,0.007400,0.225800,6,60,501,361,0,1,8.3500,2145.605509,2233.892837,ip,0,1,1.014158,0.0061,8.3500
